url,file,classification,language,h1_count,title,description_length
/404,404.html,NOINDEX,en,1,Page Not Found | ZhongSai Steel Structure,38
/en/about/,en\about\index.html,INDEXABLE,en,1,About ZhongSai Steel Structure | Steel Structure Manufacturing & Export,209
/en/blog/how-to-import-steel-structure-from-china-complete-guide/,en\blog\how-to-import-steel-structure-from-china-complete-guide\index.html,INDEXABLE,en,1,How to Import Steel Structure from China: Complete Guide | ZhongSai,181
/en/blog/how-to-import-steel-structure-from-china-to-africa/,en\blog\how-to-import-steel-structure-from-china-to-africa\index.html,INDEXABLE,en,1,How to Import Steel Structure from China to Africa: Complete Guide | ZhongSai,208
/en/blog/shipping-cost-steel-structure-from-china/,en\blog\shipping-cost-steel-structure-from-china\index.html,INDEXABLE,en,1,Shipping Cost for Steel Structure from China: Freight Guide | ZhongSai,192
/en/blog/steel-structure-container-loading-guide/,en\blog\steel-structure-container-loading-guide\index.html,INDEXABLE,en,1,Steel Structure Container Loading Guide | ZhongSai,188
/en/blog/steel-warehouse-cost-complete-guide/,en\blog\steel-warehouse-cost-complete-guide\index.html,INDEXABLE,en,1,Steel Warehouse Cost: Factors Affecting Price from China | ZhongSai,214
/en/components/fabricated-steel-beams-columns/,en\components\fabricated-steel-beams-columns\index.html,INDEXABLE,en,1,Fabricated Steel Beams & Columns | Custom Steel Fabrication | ZhongSai,248
/en/components/,en\components\index.html,INDEXABLE,en,1,"Steel Components & Cladding Systems | Beams, Columns, Trusses, Purlins | ZhongSai",246
/en/components/roof-wall-cladding-systems/,en\components\roof-wall-cladding-systems\index.html,INDEXABLE,en,1,Steel Roof & Wall Cladding Systems | ZhongSai,267
/en/components/steel-purlins/,en\components\steel-purlins\index.html,INDEXABLE,en,1,Steel Purlins | C Purlins & Z Purlins Cold-Formed for Roof and Wall | ZhongSai,186
/en/components/steel-trusses/,en\components\steel-trusses\index.html,INDEXABLE,en,1,"Steel Trusses | Roof Trusses, Pipe Trusses & Transfer Trusses Fabricated to Drawings | ZhongSai",211
/en/contact/,en\contact\index.html,INDEXABLE,en,1,Contact ZhongSai Steel Structure | Project Inquiry & Quote,149
/en/engineering-design/,en\engineering-design\index.html,INDEXABLE,en,1,Steel Building Design Services | Engineering for Fabrication | ZhongSai,197
/en/export-delivery/,en\export-delivery\index.html,INDEXABLE,en,1,"Steel Structure Export from China | Packing, Loading & Delivery Support",212
/en/faq/,en\faq\index.html,NOINDEX,en,1,FAQ,76
/en/,en\index.html,INDEXABLE,en,1,"ZhongSai Steel Structure | Design, Detailing, Fabrication & Global Export Delivery",304
/en/manufacturing-quality/,en\manufacturing-quality\index.html,INDEXABLE,en,1,Steel Structure Manufacturing & Quality Control | ZhongSai,256
/en/privacy/,en\privacy\index.html,INDEXABLE,en,1,Privacy Policy | ZhongSai Steel Structure,133
/en/products/custom-engineering/,en\products\custom-engineering\index.html,INDEXABLE,en,1,Structural Steel Fabrication in China | Custom Fabrication | ZhongSai,263
/en/products/,en\products\index.html,INDEXABLE,en,1,"Steel Structure Solutions by Application | Industrial, Warehouse, Agriculture, Commercial | ZhongSai",243
/en/projects/cnooc-pr6-pipe-rack/,en\projects\cnooc-pr6-pipe-rack\index.html,INDEXABLE,en,1,CNOOC PR6 Pipe Rack 4-SS2 Frame Project | ZhongSai Steel Structure Projects,168
/en/projects/cnpc-cracking-furnace/,en\projects\cnpc-cracking-furnace\index.html,INDEXABLE,en,1,CNPC Sixth Construction Cracking Furnace Project | ZhongSai Steel Structure Projects,168
/en/projects/cnpc-liquid-furnace/,en\projects\cnpc-liquid-furnace\index.html,INDEXABLE,en,1,CNPC Sixth Construction Liquid Furnace Project | ZhongSai Steel Structure Projects,166
/en/projects/dongguan-huarun-center/,en\projects\dongguan-huarun-center\index.html,INDEXABLE,en,1,Dongguan Huarun Land Center Commercial & Residential Building Project | ZhongSai Steel Structure Projects,201
/en/projects/futian-bonded-zone-customs/,en\projects\futian-bonded-zone-customs\index.html,INDEXABLE,en,1,Shenzhen Futian Bonded Zone Customs Infrastructure Upgrade and Renovation Project | ZhongSai Steel Structure Projects,204
/en/projects/guangzhou-high-end-equipment-base/,en\projects\guangzhou-high-end-equipment-base\index.html,INDEXABLE,en,1,Guangzhou Gongkong Greater Bay Area Modern High-End Equipment R&D and Production Base | ZhongSai Steel Structure Projects,218
/en/projects/,en\projects\index.html,INDEXABLE,en,1,Selected Steel Structure Projects | ZhongSai Manufacturing References,172
/en/projects/luohu-mixc-skybridge/,en\projects\luohu-mixc-skybridge\index.html,INDEXABLE,en,1,Shenzhen Luohu Mixc Commercial Center Skybridge Project | ZhongSai Steel Structure Projects,182
/en/projects/qianhai-dreamfactory/,en\projects\qianhai-dreamfactory\index.html,INDEXABLE,en,1,Shenzhen Qianhai Shenzhen-Hong Kong Youth Dream Factory Project | ZhongSai Steel Structure Projects,194
/en/projects/shantou-luxshare-electronics-center/,en\projects\shantou-luxshare-electronics-center\index.html,INDEXABLE,en,1,Shantou Luxshare Precision Global Electronic Information Industry Center Project | ZhongSai Steel Structure Projects,214
/en/projects/xiegang-aviation-manufacturing/,en\projects\xiegang-aviation-manufacturing\index.html,INDEXABLE,en,1,Shanghai Baoye Xiegang General Aviation Manufacturing & Supply Chain Project | ZhongSai Steel Structure Projects,208
/en/projects/yixian-biotech-manufacturing/,en\projects\yixian-biotech-manufacturing\index.html,INDEXABLE,en,1,Guangdong Yixian Biotechnology High-End Manufacturing Plant Project | ZhongSai Steel Structure Projects,189
/en/projects/zhanjiang-logistics-port/,en\projects\zhanjiang-logistics-port\index.html,INDEXABLE,en,1,Shenzhen International Zhanjiang Comprehensive Logistics Port Project | ZhongSai Steel Structure Projects,201
/en/services/structural-steel-detailing/,en\services\structural-steel-detailing\index.html,INDEXABLE,en,1,Structural Steel Detailing Services | Shop & Fabrication Drawings | ZhongSai,218
/en/solutions/,en\solutions\index.html,NOINDEX,en,1,Solutions,76
/en/steel-mining-factory/,en\steel-mining-factory\index.html,INDEXABLE,en,1,Steel Structures for Mining & Heavy Industrial Projects | ZhongSai,280
/en/steel-supermarket-mall/,en\steel-supermarket-mall\index.html,NOINDEX,en,1,Commercial & Public,76
/en/steel-warehouse/,en\steel-warehouse\index.html,INDEXABLE,en,1,Steel Structure Warehouse | Prefabricated Warehouse Building | ZhongSai,287
/en/steel-workshop/,en\steel-workshop\index.html,INDEXABLE,en,1,Steel Structure Workshop | Industrial Factory Building | ZhongSai,261
/en/terms/,en\terms\index.html,INDEXABLE,en,1,Terms of Use | ZhongSai Steel Structure,149
/,index.html,NOINDEX,en,0,ZhongSai Steel Structure,0
/zh/about/,zh\about\index.html,INDEXABLE,zh-CN,1,关于中赛钢构 | 钢结构制造与出口供应商,61
/zh/components/fabricated-steel-beams-columns/,zh\components\fabricated-steel-beams-columns\index.html,INDEXABLE,zh-CN,1,钢梁与钢柱按图加工 | 定制钢结构构件 | 中赛钢构,67
/zh/components/,zh\components\index.html,INDEXABLE,zh-CN,1,钢构件与围护系统｜钢梁、钢柱、桁架、檩条、彩钢板｜中赛钢构,68
/zh/components/roof-wall-cladding-systems/,zh\components\roof-wall-cladding-systems\index.html,INDEXABLE,zh-CN,1,钢结构屋面与墙面围护系统 | 中赛钢构,70
/zh/components/steel-purlins/,zh\components\steel-purlins\index.html,INDEXABLE,zh-CN,1,钢檩条｜C型钢檩条与Z型钢檩条冷弯成型｜中赛钢构,51
/zh/components/steel-trusses/,zh\components\steel-trusses\index.html,INDEXABLE,zh-CN,1,钢桁架｜屋架桁架、管桁架、转换桁架按图纸定制加工｜中赛钢构,55
/zh/contact/,zh\contact\index.html,INDEXABLE,zh-CN,1,联系中赛钢构 | 项目询盘与报价需求,49
/zh/engineering-design/,zh\engineering-design\index.html,INDEXABLE,zh-CN,1,钢结构建筑设计与制造衔接服务 | 中赛钢构,67
/zh/export-delivery/,zh\export-delivery\index.html,INDEXABLE,zh-CN,1,钢结构出口交付 | 包装装柜与海外项目供应支持,49
/zh/faq/,zh\faq\index.html,NOINDEX,zh-CN,1,常见问题,18
/zh/,zh\index.html,INDEXABLE,zh-CN,1,中赛钢构｜钢结构设计、深化、制造与全球出口交付,67
/zh/manufacturing-quality/,zh\manufacturing-quality\index.html,INDEXABLE,zh-CN,1,钢结构制造与质量控制｜中赛钢构,68
/zh/privacy/,zh\privacy\index.html,INDEXABLE,zh-CN,1,隐私政策 | 中赛钢构,35
/zh/products/custom-engineering/,zh\products\custom-engineering\index.html,INDEXABLE,zh-CN,1,海外项目钢结构按图加工与定制制造 | 中赛钢构,70
/zh/products/,zh\products\index.html,INDEXABLE,zh-CN,1,钢结构解决方案｜按建筑应用分类｜工业厂房、仓库、农业、商业、交通、矿业｜中赛钢构,70
/zh/projects/cnooc-pr6-pipe-rack/,zh\projects\cnooc-pr6-pipe-rack\index.html,INDEXABLE,zh-CN,1,中海油PR6管廊4-SS2框架项目 | 中赛钢构项目案例,49
/zh/projects/cnpc-cracking-furnace/,zh\projects\cnpc-cracking-furnace\index.html,INDEXABLE,zh-CN,1,中油六建裂解炉项目 | 中赛钢构项目案例,39
/zh/projects/cnpc-liquid-furnace/,zh\projects\cnpc-liquid-furnace\index.html,INDEXABLE,zh-CN,1,中油六建液体炉项目 | 中赛钢构项目案例,39
/zh/projects/dongguan-huarun-center/,zh\projects\dongguan-huarun-center\index.html,INDEXABLE,zh-CN,1,东莞华润置地中心商业、住宅楼项目 | 中赛钢构项目案例,48
/zh/projects/futian-bonded-zone-customs/,zh\projects\futian-bonded-zone-customs\index.html,INDEXABLE,zh-CN,1,深圳福田保税区海关基础设施升级改造工程 | 中赛钢构项目案例,51
/zh/projects/guangzhou-high-end-equipment-base/,zh\projects\guangzhou-high-end-equipment-base\index.html,INDEXABLE,zh-CN,1,广州工控大湾区现代高端装备研发生产基地 | 中赛钢构项目案例,51
/zh/projects/,zh\projects\index.html,INDEXABLE,zh-CN,1,精选钢结构项目案例 | 中赛钢构制造参考,51
/zh/projects/luohu-mixc-skybridge/,zh\projects\luohu-mixc-skybridge\index.html,INDEXABLE,zh-CN,1,深圳罗湖万象城商业中心天桥项目 | 中赛钢构项目案例,47
/zh/projects/qianhai-dreamfactory/,zh\projects\qianhai-dreamfactory\index.html,INDEXABLE,zh-CN,1,深圳前海深港青年梦工厂项目 | 中赛钢构项目案例,45
/zh/projects/shantou-luxshare-electronics-center/,zh\projects\shantou-luxshare-electronics-center\index.html,INDEXABLE,zh-CN,1,汕头立讯精密全球电子信息产业中心项目 | 中赛钢构项目案例,50
/zh/projects/xiegang-aviation-manufacturing/,zh\projects\xiegang-aviation-manufacturing\index.html,INDEXABLE,zh-CN,1,上海宝冶谢岗通用航空制造及供应链项目 | 中赛钢构项目案例,50
/zh/projects/yixian-biotech-manufacturing/,zh\projects\yixian-biotech-manufacturing\index.html,INDEXABLE,zh-CN,1,广东逸仙生物科技高端制造厂房项目 | 中赛钢构项目案例,46
/zh/projects/zhanjiang-logistics-port/,zh\projects\zhanjiang-logistics-port\index.html,INDEXABLE,zh-CN,1,深国际湛江综合物流港项目 | 中赛钢构项目案例,44
/zh/services/structural-steel-detailing/,zh\services\structural-steel-detailing\index.html,INDEXABLE,zh-CN,1,钢结构深化设计与加工图服务 | 中赛钢构,65
/zh/solutions/,zh\solutions\index.html,NOINDEX,zh-CN,1,解决方案,18
/zh/steel-mining-factory/,zh\steel-mining-factory\index.html,INDEXABLE,zh-CN,1,矿业与重型工业钢结构解决方案 | 中赛钢构,81
/zh/steel-supermarket-mall/,zh\steel-supermarket-mall\index.html,NOINDEX,zh-CN,1,商业与公共建筑,18
/zh/steel-warehouse/,zh\steel-warehouse\index.html,INDEXABLE,zh-CN,1,钢结构仓库与物流建筑 | 中赛钢构,72
/zh/steel-workshop/,zh\steel-workshop\index.html,INDEXABLE,zh-CN,1,钢结构工业厂房与生产车间 | 中赛钢构,69
/zh/terms/,zh\terms\index.html,INDEXABLE,zh-CN,1,使用条款 | 中赛钢构,35
