url,canonical,canonical_count,canonical_status,lang,lang_status,robots,noindex,hreflang,hreflang_count,hreflang_status,jsonld_types,jsonld_status,h1_count,title_present,description_present
/404,https://zhongsai-steelstructure.com/404/,1,PASS,en,PASS,"noindex, follow",True,en=https://zhongsai-steelstructure.com/404/ | x-default=https://zhongsai-steelstructure.com/404/,2,PASS,,PASS,1,True,True
/en/about/,https://zhongsai-steelstructure.com/en/about/,1,PASS,en,PASS,"index, follow",False,en=https://zhongsai-steelstructure.com/en/about/ | zh-CN=https://zhongsai-steelstructure.com/zh/about/ | x-default=https://zhongsai-steelstructure.com/en/about/,3,PASS,BreadcrumbList,PASS,1,True,True
/en/blog/how-to-import-steel-structure-from-china-complete-guide/,https://zhongsai-steelstructure.com/en/blog/how-to-import-steel-structure-from-china-complete-guide/,1,PASS,en,PASS,"index, follow",False,en=https://zhongsai-steelstructure.com/en/blog/how-to-import-steel-structure-from-china-complete-guide/ | x-default=https://zhongsai-steelstructure.com/en/blog/how-to-import-steel-structure-from-china-complete-guide/,2,PASS,,PASS,1,True,True
/en/blog/how-to-import-steel-structure-from-china-to-africa/,https://zhongsai-steelstructure.com/en/blog/how-to-import-steel-structure-from-china-to-africa/,1,PASS,en,PASS,"index, follow",False,en=https://zhongsai-steelstructure.com/en/blog/how-to-import-steel-structure-from-china-to-africa/ | x-default=https://zhongsai-steelstructure.com/en/blog/how-to-import-steel-structure-from-china-to-africa/,2,PASS,,PASS,1,True,True
/en/blog/shipping-cost-steel-structure-from-china/,https://zhongsai-steelstructure.com/en/blog/shipping-cost-steel-structure-from-china/,1,PASS,en,PASS,"index, follow",False,en=https://zhongsai-steelstructure.com/en/blog/shipping-cost-steel-structure-from-china/ | x-default=https://zhongsai-steelstructure.com/en/blog/shipping-cost-steel-structure-from-china/,2,PASS,,PASS,1,True,True
/en/blog/steel-structure-container-loading-guide/,https://zhongsai-steelstructure.com/en/blog/steel-structure-container-loading-guide/,1,PASS,en,PASS,"index, follow",False,en=https://zhongsai-steelstructure.com/en/blog/steel-structure-container-loading-guide/ | x-default=https://zhongsai-steelstructure.com/en/blog/steel-structure-container-loading-guide/,2,PASS,,PASS,1,True,True
/en/blog/steel-warehouse-cost-complete-guide/,https://zhongsai-steelstructure.com/en/blog/steel-warehouse-cost-complete-guide/,1,PASS,en,PASS,"index, follow",False,en=https://zhongsai-steelstructure.com/en/blog/steel-warehouse-cost-complete-guide/ | x-default=https://zhongsai-steelstructure.com/en/blog/steel-warehouse-cost-complete-guide/,2,PASS,,PASS,1,True,True
/en/components/fabricated-steel-beams-columns/,https://zhongsai-steelstructure.com/en/components/fabricated-steel-beams-columns/,1,PASS,en,PASS,"index, follow",False,en=https://zhongsai-steelstructure.com/en/components/fabricated-steel-beams-columns/ | zh-CN=https://zhongsai-steelstructure.com/zh/components/fabricated-steel-beams-columns/ | x-default=https://zhongsai-steelstructure.com/en/components/fabricated-steel-beams-columns/,3,PASS,BreadcrumbList,PASS,1,True,True
/en/components/,https://zhongsai-steelstructure.com/en/components/,1,PASS,en,PASS,"index, follow",False,en=https://zhongsai-steelstructure.com/en/components/ | zh-CN=https://zhongsai-steelstructure.com/zh/components/ | x-default=https://zhongsai-steelstructure.com/en/components/,3,PASS,BreadcrumbList,PASS,1,True,True
/en/components/roof-wall-cladding-systems/,https://zhongsai-steelstructure.com/en/components/roof-wall-cladding-systems/,1,PASS,en,PASS,"index, follow",False,en=https://zhongsai-steelstructure.com/en/components/roof-wall-cladding-systems/ | zh-CN=https://zhongsai-steelstructure.com/zh/components/roof-wall-cladding-systems/ | x-default=https://zhongsai-steelstructure.com/en/components/roof-wall-cladding-systems/,3,PASS,BreadcrumbList,PASS,1,True,True
/en/components/steel-purlins/,https://zhongsai-steelstructure.com/en/components/steel-purlins/,1,PASS,en,PASS,"index, follow",False,en=https://zhongsai-steelstructure.com/en/components/steel-purlins/ | zh-CN=https://zhongsai-steelstructure.com/zh/components/steel-purlins/ | x-default=https://zhongsai-steelstructure.com/en/components/steel-purlins/,3,PASS,,PASS,1,True,True
/en/components/steel-trusses/,https://zhongsai-steelstructure.com/en/components/steel-trusses/,1,PASS,en,PASS,"index, follow",False,en=https://zhongsai-steelstructure.com/en/components/steel-trusses/ | zh-CN=https://zhongsai-steelstructure.com/zh/components/steel-trusses/ | x-default=https://zhongsai-steelstructure.com/en/components/steel-trusses/,3,PASS,,PASS,1,True,True
/en/contact/,https://zhongsai-steelstructure.com/en/contact/,1,PASS,en,PASS,"index, follow",False,en=https://zhongsai-steelstructure.com/en/contact/ | zh-CN=https://zhongsai-steelstructure.com/zh/contact/ | x-default=https://zhongsai-steelstructure.com/en/contact/,3,PASS,BreadcrumbList,PASS,1,True,True
/en/engineering-design/,https://zhongsai-steelstructure.com/en/engineering-design/,1,PASS,en,PASS,"index, follow",False,en=https://zhongsai-steelstructure.com/en/engineering-design/ | zh-CN=https://zhongsai-steelstructure.com/zh/engineering-design/ | x-default=https://zhongsai-steelstructure.com/en/engineering-design/,3,PASS,BreadcrumbList,PASS,1,True,True
/en/export-delivery/,https://zhongsai-steelstructure.com/en/export-delivery/,1,PASS,en,PASS,"index, follow",False,en=https://zhongsai-steelstructure.com/en/export-delivery/ | zh-CN=https://zhongsai-steelstructure.com/zh/export-delivery/ | x-default=https://zhongsai-steelstructure.com/en/export-delivery/,3,PASS,BreadcrumbList,PASS,1,True,True
/en/faq/,https://zhongsai-steelstructure.com/en/faq/,1,PASS,en,PASS,"noindex, follow",True,en=https://zhongsai-steelstructure.com/en/faq/ | zh-CN=https://zhongsai-steelstructure.com/zh/faq/ | x-default=https://zhongsai-steelstructure.com/en/faq/,3,PASS,,PASS,1,True,True
/en/,https://zhongsai-steelstructure.com/en/,1,PASS,en,PASS,"index, follow",False,en=https://zhongsai-steelstructure.com/en/ | zh-CN=https://zhongsai-steelstructure.com/zh/ | x-default=https://zhongsai-steelstructure.com/en/,3,PASS,Organization,PASS,1,True,True
/en/manufacturing-quality/,https://zhongsai-steelstructure.com/en/manufacturing-quality/,1,PASS,en,PASS,"index, follow",False,en=https://zhongsai-steelstructure.com/en/manufacturing-quality/ | zh-CN=https://zhongsai-steelstructure.com/zh/manufacturing-quality/ | x-default=https://zhongsai-steelstructure.com/en/manufacturing-quality/,3,PASS,BreadcrumbList,PASS,1,True,True
/en/privacy/,https://zhongsai-steelstructure.com/en/privacy/,1,PASS,en,PASS,"index, follow",False,en=https://zhongsai-steelstructure.com/en/privacy/ | zh-CN=https://zhongsai-steelstructure.com/zh/privacy/ | x-default=https://zhongsai-steelstructure.com/en/privacy/,3,PASS,BreadcrumbList,PASS,1,True,True
/en/products/custom-engineering/,https://zhongsai-steelstructure.com/en/products/custom-engineering/,1,PASS,en,PASS,"index, follow",False,en=https://zhongsai-steelstructure.com/en/products/custom-engineering/ | zh-CN=https://zhongsai-steelstructure.com/zh/products/custom-engineering/ | x-default=https://zhongsai-steelstructure.com/en/products/custom-engineering/,3,PASS,BreadcrumbList,PASS,1,True,True
/en/products/,https://zhongsai-steelstructure.com/en/products/,1,PASS,en,PASS,"index, follow",False,en=https://zhongsai-steelstructure.com/en/products/ | zh-CN=https://zhongsai-steelstructure.com/zh/products/ | x-default=https://zhongsai-steelstructure.com/en/products/,3,PASS,BreadcrumbList,PASS,1,True,True
/en/projects/cnooc-pr6-pipe-rack/,https://zhongsai-steelstructure.com/en/projects/cnooc-pr6-pipe-rack/,1,PASS,en,PASS,"index, follow",False,en=https://zhongsai-steelstructure.com/en/projects/cnooc-pr6-pipe-rack/ | zh-CN=https://zhongsai-steelstructure.com/zh/projects/cnooc-pr6-pipe-rack/ | x-default=https://zhongsai-steelstructure.com/en/projects/cnooc-pr6-pipe-rack/,3,PASS,BreadcrumbList,PASS,1,True,True
/en/projects/cnpc-cracking-furnace/,https://zhongsai-steelstructure.com/en/projects/cnpc-cracking-furnace/,1,PASS,en,PASS,"index, follow",False,en=https://zhongsai-steelstructure.com/en/projects/cnpc-cracking-furnace/ | zh-CN=https://zhongsai-steelstructure.com/zh/projects/cnpc-cracking-furnace/ | x-default=https://zhongsai-steelstructure.com/en/projects/cnpc-cracking-furnace/,3,PASS,BreadcrumbList,PASS,1,True,True
/en/projects/cnpc-liquid-furnace/,https://zhongsai-steelstructure.com/en/projects/cnpc-liquid-furnace/,1,PASS,en,PASS,"index, follow",False,en=https://zhongsai-steelstructure.com/en/projects/cnpc-liquid-furnace/ | zh-CN=https://zhongsai-steelstructure.com/zh/projects/cnpc-liquid-furnace/ | x-default=https://zhongsai-steelstructure.com/en/projects/cnpc-liquid-furnace/,3,PASS,BreadcrumbList,PASS,1,True,True
/en/projects/dongguan-huarun-center/,https://zhongsai-steelstructure.com/en/projects/dongguan-huarun-center/,1,PASS,en,PASS,"index, follow",False,en=https://zhongsai-steelstructure.com/en/projects/dongguan-huarun-center/ | zh-CN=https://zhongsai-steelstructure.com/zh/projects/dongguan-huarun-center/ | x-default=https://zhongsai-steelstructure.com/en/projects/dongguan-huarun-center/,3,PASS,BreadcrumbList,PASS,1,True,True
/en/projects/futian-bonded-zone-customs/,https://zhongsai-steelstructure.com/en/projects/futian-bonded-zone-customs/,1,PASS,en,PASS,"index, follow",False,en=https://zhongsai-steelstructure.com/en/projects/futian-bonded-zone-customs/ | zh-CN=https://zhongsai-steelstructure.com/zh/projects/futian-bonded-zone-customs/ | x-default=https://zhongsai-steelstructure.com/en/projects/futian-bonded-zone-customs/,3,PASS,BreadcrumbList,PASS,1,True,True
/en/projects/guangzhou-high-end-equipment-base/,https://zhongsai-steelstructure.com/en/projects/guangzhou-high-end-equipment-base/,1,PASS,en,PASS,"index, follow",False,en=https://zhongsai-steelstructure.com/en/projects/guangzhou-high-end-equipment-base/ | zh-CN=https://zhongsai-steelstructure.com/zh/projects/guangzhou-high-end-equipment-base/ | x-default=https://zhongsai-steelstructure.com/en/projects/guangzhou-high-end-equipment-base/,3,PASS,BreadcrumbList,PASS,1,True,True
/en/projects/,https://zhongsai-steelstructure.com/en/projects/,1,PASS,en,PASS,"index, follow",False,en=https://zhongsai-steelstructure.com/en/projects/ | zh-CN=https://zhongsai-steelstructure.com/zh/projects/ | x-default=https://zhongsai-steelstructure.com/en/projects/,3,PASS,BreadcrumbList,PASS,1,True,True
/en/projects/luohu-mixc-skybridge/,https://zhongsai-steelstructure.com/en/projects/luohu-mixc-skybridge/,1,PASS,en,PASS,"index, follow",False,en=https://zhongsai-steelstructure.com/en/projects/luohu-mixc-skybridge/ | zh-CN=https://zhongsai-steelstructure.com/zh/projects/luohu-mixc-skybridge/ | x-default=https://zhongsai-steelstructure.com/en/projects/luohu-mixc-skybridge/,3,PASS,BreadcrumbList,PASS,1,True,True
/en/projects/qianhai-dreamfactory/,https://zhongsai-steelstructure.com/en/projects/qianhai-dreamfactory/,1,PASS,en,PASS,"index, follow",False,en=https://zhongsai-steelstructure.com/en/projects/qianhai-dreamfactory/ | zh-CN=https://zhongsai-steelstructure.com/zh/projects/qianhai-dreamfactory/ | x-default=https://zhongsai-steelstructure.com/en/projects/qianhai-dreamfactory/,3,PASS,BreadcrumbList,PASS,1,True,True
/en/projects/shantou-luxshare-electronics-center/,https://zhongsai-steelstructure.com/en/projects/shantou-luxshare-electronics-center/,1,PASS,en,PASS,"index, follow",False,en=https://zhongsai-steelstructure.com/en/projects/shantou-luxshare-electronics-center/ | zh-CN=https://zhongsai-steelstructure.com/zh/projects/shantou-luxshare-electronics-center/ | x-default=https://zhongsai-steelstructure.com/en/projects/shantou-luxshare-electronics-center/,3,PASS,BreadcrumbList,PASS,1,True,True
/en/projects/xiegang-aviation-manufacturing/,https://zhongsai-steelstructure.com/en/projects/xiegang-aviation-manufacturing/,1,PASS,en,PASS,"index, follow",False,en=https://zhongsai-steelstructure.com/en/projects/xiegang-aviation-manufacturing/ | zh-CN=https://zhongsai-steelstructure.com/zh/projects/xiegang-aviation-manufacturing/ | x-default=https://zhongsai-steelstructure.com/en/projects/xiegang-aviation-manufacturing/,3,PASS,BreadcrumbList,PASS,1,True,True
/en/projects/yixian-biotech-manufacturing/,https://zhongsai-steelstructure.com/en/projects/yixian-biotech-manufacturing/,1,PASS,en,PASS,"index, follow",False,en=https://zhongsai-steelstructure.com/en/projects/yixian-biotech-manufacturing/ | zh-CN=https://zhongsai-steelstructure.com/zh/projects/yixian-biotech-manufacturing/ | x-default=https://zhongsai-steelstructure.com/en/projects/yixian-biotech-manufacturing/,3,PASS,BreadcrumbList,PASS,1,True,True
/en/projects/zhanjiang-logistics-port/,https://zhongsai-steelstructure.com/en/projects/zhanjiang-logistics-port/,1,PASS,en,PASS,"index, follow",False,en=https://zhongsai-steelstructure.com/en/projects/zhanjiang-logistics-port/ | zh-CN=https://zhongsai-steelstructure.com/zh/projects/zhanjiang-logistics-port/ | x-default=https://zhongsai-steelstructure.com/en/projects/zhanjiang-logistics-port/,3,PASS,BreadcrumbList,PASS,1,True,True
/en/services/structural-steel-detailing/,https://zhongsai-steelstructure.com/en/services/structural-steel-detailing/,1,PASS,en,PASS,"index, follow",False,en=https://zhongsai-steelstructure.com/en/services/structural-steel-detailing/ | zh-CN=https://zhongsai-steelstructure.com/zh/services/structural-steel-detailing/ | x-default=https://zhongsai-steelstructure.com/en/services/structural-steel-detailing/,3,PASS,BreadcrumbList,PASS,1,True,True
/en/solutions/,https://zhongsai-steelstructure.com/en/solutions/,1,PASS,en,PASS,"noindex, follow",True,en=https://zhongsai-steelstructure.com/en/solutions/ | zh-CN=https://zhongsai-steelstructure.com/zh/solutions/ | x-default=https://zhongsai-steelstructure.com/en/solutions/,3,PASS,,PASS,1,True,True
/en/steel-mining-factory/,https://zhongsai-steelstructure.com/en/steel-mining-factory/,1,PASS,en,PASS,"index, follow",False,en=https://zhongsai-steelstructure.com/en/steel-mining-factory/ | zh-CN=https://zhongsai-steelstructure.com/zh/steel-mining-factory/ | x-default=https://zhongsai-steelstructure.com/en/steel-mining-factory/,3,PASS,,PASS,1,True,True
/en/steel-supermarket-mall/,https://zhongsai-steelstructure.com/en/steel-supermarket-mall/,1,PASS,en,PASS,"noindex, follow",True,en=https://zhongsai-steelstructure.com/en/steel-supermarket-mall/ | zh-CN=https://zhongsai-steelstructure.com/zh/steel-supermarket-mall/ | x-default=https://zhongsai-steelstructure.com/en/steel-supermarket-mall/,3,PASS,,PASS,1,True,True
/en/steel-warehouse/,https://zhongsai-steelstructure.com/en/steel-warehouse/,1,PASS,en,PASS,"index, follow",False,en=https://zhongsai-steelstructure.com/en/steel-warehouse/ | zh-CN=https://zhongsai-steelstructure.com/zh/steel-warehouse/ | x-default=https://zhongsai-steelstructure.com/en/steel-warehouse/,3,PASS,BreadcrumbList,PASS,1,True,True
/en/steel-workshop/,https://zhongsai-steelstructure.com/en/steel-workshop/,1,PASS,en,PASS,"index, follow",False,en=https://zhongsai-steelstructure.com/en/steel-workshop/ | zh-CN=https://zhongsai-steelstructure.com/zh/steel-workshop/ | x-default=https://zhongsai-steelstructure.com/en/steel-workshop/,3,PASS,BreadcrumbList,PASS,1,True,True
/en/terms/,https://zhongsai-steelstructure.com/en/terms/,1,PASS,en,PASS,"index, follow",False,en=https://zhongsai-steelstructure.com/en/terms/ | zh-CN=https://zhongsai-steelstructure.com/zh/terms/ | x-default=https://zhongsai-steelstructure.com/en/terms/,3,PASS,BreadcrumbList,PASS,1,True,True
/,/en/,1,FAIL,en,PASS,"noindex, follow",True,,0,PASS,,PASS,0,True,False
/zh/about/,https://zhongsai-steelstructure.com/zh/about/,1,PASS,zh-CN,PASS,"index, follow",False,en=https://zhongsai-steelstructure.com/en/about/ | zh-CN=https://zhongsai-steelstructure.com/zh/about/ | x-default=https://zhongsai-steelstructure.com/en/about/,3,PASS,BreadcrumbList,PASS,1,True,True
/zh/components/fabricated-steel-beams-columns/,https://zhongsai-steelstructure.com/zh/components/fabricated-steel-beams-columns/,1,PASS,zh-CN,PASS,"index, follow",False,en=https://zhongsai-steelstructure.com/en/components/fabricated-steel-beams-columns/ | zh-CN=https://zhongsai-steelstructure.com/zh/components/fabricated-steel-beams-columns/ | x-default=https://zhongsai-steelstructure.com/en/components/fabricated-steel-beams-columns/,3,PASS,BreadcrumbList,PASS,1,True,True
/zh/components/,https://zhongsai-steelstructure.com/zh/components/,1,PASS,zh-CN,PASS,"index, follow",False,en=https://zhongsai-steelstructure.com/en/components/ | zh-CN=https://zhongsai-steelstructure.com/zh/components/ | x-default=https://zhongsai-steelstructure.com/en/components/,3,PASS,BreadcrumbList,PASS,1,True,True
/zh/components/roof-wall-cladding-systems/,https://zhongsai-steelstructure.com/zh/components/roof-wall-cladding-systems/,1,PASS,zh-CN,PASS,"index, follow",False,en=https://zhongsai-steelstructure.com/en/components/roof-wall-cladding-systems/ | zh-CN=https://zhongsai-steelstructure.com/zh/components/roof-wall-cladding-systems/ | x-default=https://zhongsai-steelstructure.com/en/components/roof-wall-cladding-systems/,3,PASS,BreadcrumbList,PASS,1,True,True
/zh/components/steel-purlins/,https://zhongsai-steelstructure.com/zh/components/steel-purlins/,1,PASS,zh-CN,PASS,"index, follow",False,en=https://zhongsai-steelstructure.com/en/components/steel-purlins/ | zh-CN=https://zhongsai-steelstructure.com/zh/components/steel-purlins/ | x-default=https://zhongsai-steelstructure.com/en/components/steel-purlins/,3,PASS,,PASS,1,True,True
/zh/components/steel-trusses/,https://zhongsai-steelstructure.com/zh/components/steel-trusses/,1,PASS,zh-CN,PASS,"index, follow",False,en=https://zhongsai-steelstructure.com/en/components/steel-trusses/ | zh-CN=https://zhongsai-steelstructure.com/zh/components/steel-trusses/ | x-default=https://zhongsai-steelstructure.com/en/components/steel-trusses/,3,PASS,,PASS,1,True,True
/zh/contact/,https://zhongsai-steelstructure.com/zh/contact/,1,PASS,zh-CN,PASS,"index, follow",False,en=https://zhongsai-steelstructure.com/en/contact/ | zh-CN=https://zhongsai-steelstructure.com/zh/contact/ | x-default=https://zhongsai-steelstructure.com/en/contact/,3,PASS,BreadcrumbList,PASS,1,True,True
/zh/engineering-design/,https://zhongsai-steelstructure.com/zh/engineering-design/,1,PASS,zh-CN,PASS,"index, follow",False,en=https://zhongsai-steelstructure.com/en/engineering-design/ | zh-CN=https://zhongsai-steelstructure.com/zh/engineering-design/ | x-default=https://zhongsai-steelstructure.com/en/engineering-design/,3,PASS,BreadcrumbList,PASS,1,True,True
/zh/export-delivery/,https://zhongsai-steelstructure.com/zh/export-delivery/,1,PASS,zh-CN,PASS,"index, follow",False,en=https://zhongsai-steelstructure.com/en/export-delivery/ | zh-CN=https://zhongsai-steelstructure.com/zh/export-delivery/ | x-default=https://zhongsai-steelstructure.com/en/export-delivery/,3,PASS,BreadcrumbList,PASS,1,True,True
/zh/faq/,https://zhongsai-steelstructure.com/zh/faq/,1,PASS,zh-CN,PASS,"noindex, follow",True,en=https://zhongsai-steelstructure.com/en/faq/ | zh-CN=https://zhongsai-steelstructure.com/zh/faq/ | x-default=https://zhongsai-steelstructure.com/en/faq/,3,PASS,,PASS,1,True,True
/zh/,https://zhongsai-steelstructure.com/zh/,1,PASS,zh-CN,PASS,"index, follow",False,en=https://zhongsai-steelstructure.com/en/ | zh-CN=https://zhongsai-steelstructure.com/zh/ | x-default=https://zhongsai-steelstructure.com/en/,3,PASS,Organization,PASS,1,True,True
/zh/manufacturing-quality/,https://zhongsai-steelstructure.com/zh/manufacturing-quality/,1,PASS,zh-CN,PASS,"index, follow",False,en=https://zhongsai-steelstructure.com/en/manufacturing-quality/ | zh-CN=https://zhongsai-steelstructure.com/zh/manufacturing-quality/ | x-default=https://zhongsai-steelstructure.com/en/manufacturing-quality/,3,PASS,BreadcrumbList,PASS,1,True,True
/zh/privacy/,https://zhongsai-steelstructure.com/zh/privacy/,1,PASS,zh-CN,PASS,"index, follow",False,en=https://zhongsai-steelstructure.com/en/privacy/ | zh-CN=https://zhongsai-steelstructure.com/zh/privacy/ | x-default=https://zhongsai-steelstructure.com/en/privacy/,3,PASS,BreadcrumbList,PASS,1,True,True
/zh/products/custom-engineering/,https://zhongsai-steelstructure.com/zh/products/custom-engineering/,1,PASS,zh-CN,PASS,"index, follow",False,en=https://zhongsai-steelstructure.com/en/products/custom-engineering/ | zh-CN=https://zhongsai-steelstructure.com/zh/products/custom-engineering/ | x-default=https://zhongsai-steelstructure.com/en/products/custom-engineering/,3,PASS,BreadcrumbList,PASS,1,True,True
/zh/products/,https://zhongsai-steelstructure.com/zh/products/,1,PASS,zh-CN,PASS,"index, follow",False,en=https://zhongsai-steelstructure.com/en/products/ | zh-CN=https://zhongsai-steelstructure.com/zh/products/ | x-default=https://zhongsai-steelstructure.com/en/products/,3,PASS,BreadcrumbList,PASS,1,True,True
/zh/projects/cnooc-pr6-pipe-rack/,https://zhongsai-steelstructure.com/zh/projects/cnooc-pr6-pipe-rack/,1,PASS,zh-CN,PASS,"index, follow",False,en=https://zhongsai-steelstructure.com/en/projects/cnooc-pr6-pipe-rack/ | zh-CN=https://zhongsai-steelstructure.com/zh/projects/cnooc-pr6-pipe-rack/ | x-default=https://zhongsai-steelstructure.com/en/projects/cnooc-pr6-pipe-rack/,3,PASS,BreadcrumbList,PASS,1,True,True
/zh/projects/cnpc-cracking-furnace/,https://zhongsai-steelstructure.com/zh/projects/cnpc-cracking-furnace/,1,PASS,zh-CN,PASS,"index, follow",False,en=https://zhongsai-steelstructure.com/en/projects/cnpc-cracking-furnace/ | zh-CN=https://zhongsai-steelstructure.com/zh/projects/cnpc-cracking-furnace/ | x-default=https://zhongsai-steelstructure.com/en/projects/cnpc-cracking-furnace/,3,PASS,BreadcrumbList,PASS,1,True,True
/zh/projects/cnpc-liquid-furnace/,https://zhongsai-steelstructure.com/zh/projects/cnpc-liquid-furnace/,1,PASS,zh-CN,PASS,"index, follow",False,en=https://zhongsai-steelstructure.com/en/projects/cnpc-liquid-furnace/ | zh-CN=https://zhongsai-steelstructure.com/zh/projects/cnpc-liquid-furnace/ | x-default=https://zhongsai-steelstructure.com/en/projects/cnpc-liquid-furnace/,3,PASS,BreadcrumbList,PASS,1,True,True
/zh/projects/dongguan-huarun-center/,https://zhongsai-steelstructure.com/zh/projects/dongguan-huarun-center/,1,PASS,zh-CN,PASS,"index, follow",False,en=https://zhongsai-steelstructure.com/en/projects/dongguan-huarun-center/ | zh-CN=https://zhongsai-steelstructure.com/zh/projects/dongguan-huarun-center/ | x-default=https://zhongsai-steelstructure.com/en/projects/dongguan-huarun-center/,3,PASS,BreadcrumbList,PASS,1,True,True
/zh/projects/futian-bonded-zone-customs/,https://zhongsai-steelstructure.com/zh/projects/futian-bonded-zone-customs/,1,PASS,zh-CN,PASS,"index, follow",False,en=https://zhongsai-steelstructure.com/en/projects/futian-bonded-zone-customs/ | zh-CN=https://zhongsai-steelstructure.com/zh/projects/futian-bonded-zone-customs/ | x-default=https://zhongsai-steelstructure.com/en/projects/futian-bonded-zone-customs/,3,PASS,BreadcrumbList,PASS,1,True,True
/zh/projects/guangzhou-high-end-equipment-base/,https://zhongsai-steelstructure.com/zh/projects/guangzhou-high-end-equipment-base/,1,PASS,zh-CN,PASS,"index, follow",False,en=https://zhongsai-steelstructure.com/en/projects/guangzhou-high-end-equipment-base/ | zh-CN=https://zhongsai-steelstructure.com/zh/projects/guangzhou-high-end-equipment-base/ | x-default=https://zhongsai-steelstructure.com/en/projects/guangzhou-high-end-equipment-base/,3,PASS,BreadcrumbList,PASS,1,True,True
/zh/projects/,https://zhongsai-steelstructure.com/zh/projects/,1,PASS,zh-CN,PASS,"index, follow",False,en=https://zhongsai-steelstructure.com/en/projects/ | zh-CN=https://zhongsai-steelstructure.com/zh/projects/ | x-default=https://zhongsai-steelstructure.com/en/projects/,3,PASS,BreadcrumbList,PASS,1,True,True
/zh/projects/luohu-mixc-skybridge/,https://zhongsai-steelstructure.com/zh/projects/luohu-mixc-skybridge/,1,PASS,zh-CN,PASS,"index, follow",False,en=https://zhongsai-steelstructure.com/en/projects/luohu-mixc-skybridge/ | zh-CN=https://zhongsai-steelstructure.com/zh/projects/luohu-mixc-skybridge/ | x-default=https://zhongsai-steelstructure.com/en/projects/luohu-mixc-skybridge/,3,PASS,BreadcrumbList,PASS,1,True,True
/zh/projects/qianhai-dreamfactory/,https://zhongsai-steelstructure.com/zh/projects/qianhai-dreamfactory/,1,PASS,zh-CN,PASS,"index, follow",False,en=https://zhongsai-steelstructure.com/en/projects/qianhai-dreamfactory/ | zh-CN=https://zhongsai-steelstructure.com/zh/projects/qianhai-dreamfactory/ | x-default=https://zhongsai-steelstructure.com/en/projects/qianhai-dreamfactory/,3,PASS,BreadcrumbList,PASS,1,True,True
/zh/projects/shantou-luxshare-electronics-center/,https://zhongsai-steelstructure.com/zh/projects/shantou-luxshare-electronics-center/,1,PASS,zh-CN,PASS,"index, follow",False,en=https://zhongsai-steelstructure.com/en/projects/shantou-luxshare-electronics-center/ | zh-CN=https://zhongsai-steelstructure.com/zh/projects/shantou-luxshare-electronics-center/ | x-default=https://zhongsai-steelstructure.com/en/projects/shantou-luxshare-electronics-center/,3,PASS,BreadcrumbList,PASS,1,True,True
/zh/projects/xiegang-aviation-manufacturing/,https://zhongsai-steelstructure.com/zh/projects/xiegang-aviation-manufacturing/,1,PASS,zh-CN,PASS,"index, follow",False,en=https://zhongsai-steelstructure.com/en/projects/xiegang-aviation-manufacturing/ | zh-CN=https://zhongsai-steelstructure.com/zh/projects/xiegang-aviation-manufacturing/ | x-default=https://zhongsai-steelstructure.com/en/projects/xiegang-aviation-manufacturing/,3,PASS,BreadcrumbList,PASS,1,True,True
/zh/projects/yixian-biotech-manufacturing/,https://zhongsai-steelstructure.com/zh/projects/yixian-biotech-manufacturing/,1,PASS,zh-CN,PASS,"index, follow",False,en=https://zhongsai-steelstructure.com/en/projects/yixian-biotech-manufacturing/ | zh-CN=https://zhongsai-steelstructure.com/zh/projects/yixian-biotech-manufacturing/ | x-default=https://zhongsai-steelstructure.com/en/projects/yixian-biotech-manufacturing/,3,PASS,BreadcrumbList,PASS,1,True,True
/zh/projects/zhanjiang-logistics-port/,https://zhongsai-steelstructure.com/zh/projects/zhanjiang-logistics-port/,1,PASS,zh-CN,PASS,"index, follow",False,en=https://zhongsai-steelstructure.com/en/projects/zhanjiang-logistics-port/ | zh-CN=https://zhongsai-steelstructure.com/zh/projects/zhanjiang-logistics-port/ | x-default=https://zhongsai-steelstructure.com/en/projects/zhanjiang-logistics-port/,3,PASS,BreadcrumbList,PASS,1,True,True
/zh/services/structural-steel-detailing/,https://zhongsai-steelstructure.com/zh/services/structural-steel-detailing/,1,PASS,zh-CN,PASS,"index, follow",False,en=https://zhongsai-steelstructure.com/en/services/structural-steel-detailing/ | zh-CN=https://zhongsai-steelstructure.com/zh/services/structural-steel-detailing/ | x-default=https://zhongsai-steelstructure.com/en/services/structural-steel-detailing/,3,PASS,BreadcrumbList,PASS,1,True,True
/zh/solutions/,https://zhongsai-steelstructure.com/zh/solutions/,1,PASS,zh-CN,PASS,"noindex, follow",True,en=https://zhongsai-steelstructure.com/en/solutions/ | zh-CN=https://zhongsai-steelstructure.com/zh/solutions/ | x-default=https://zhongsai-steelstructure.com/en/solutions/,3,PASS,,PASS,1,True,True
/zh/steel-mining-factory/,https://zhongsai-steelstructure.com/zh/steel-mining-factory/,1,PASS,zh-CN,PASS,"index, follow",False,en=https://zhongsai-steelstructure.com/en/steel-mining-factory/ | zh-CN=https://zhongsai-steelstructure.com/zh/steel-mining-factory/ | x-default=https://zhongsai-steelstructure.com/en/steel-mining-factory/,3,PASS,,PASS,1,True,True
/zh/steel-supermarket-mall/,https://zhongsai-steelstructure.com/zh/steel-supermarket-mall/,1,PASS,zh-CN,PASS,"noindex, follow",True,en=https://zhongsai-steelstructure.com/en/steel-supermarket-mall/ | zh-CN=https://zhongsai-steelstructure.com/zh/steel-supermarket-mall/ | x-default=https://zhongsai-steelstructure.com/en/steel-supermarket-mall/,3,PASS,,PASS,1,True,True
/zh/steel-warehouse/,https://zhongsai-steelstructure.com/zh/steel-warehouse/,1,PASS,zh-CN,PASS,"index, follow",False,en=https://zhongsai-steelstructure.com/en/steel-warehouse/ | zh-CN=https://zhongsai-steelstructure.com/zh/steel-warehouse/ | x-default=https://zhongsai-steelstructure.com/en/steel-warehouse/,3,PASS,BreadcrumbList,PASS,1,True,True
/zh/steel-workshop/,https://zhongsai-steelstructure.com/zh/steel-workshop/,1,PASS,zh-CN,PASS,"index, follow",False,en=https://zhongsai-steelstructure.com/en/steel-workshop/ | zh-CN=https://zhongsai-steelstructure.com/zh/steel-workshop/ | x-default=https://zhongsai-steelstructure.com/en/steel-workshop/,3,PASS,BreadcrumbList,PASS,1,True,True
/zh/terms/,https://zhongsai-steelstructure.com/zh/terms/,1,PASS,zh-CN,PASS,"index, follow",False,en=https://zhongsai-steelstructure.com/en/terms/ | zh-CN=https://zhongsai-steelstructure.com/zh/terms/ | x-default=https://zhongsai-steelstructure.com/en/terms/,3,PASS,BreadcrumbList,PASS,1,True,True
