source_url,element,src,exists,bytes,width_attr,height_attr,alt
/404,img,/images/logo-official-transparent-cropped.png,True,25287,359,38,ZhongSai Steel Structure Logo
/404,img,/images/logo-official-transparent-cropped.png,True,25287,359,38,ZhongSai Steel Structure Logo
/en/about/,img,/images/logo-official-transparent-cropped.png,True,25287,359,38,ZhongSai Steel Structure Logo
/en/about/,img,/images/manufacturing/real/factory-overview-9819.jpg,True,742041,800,600,ZhongSai steel structure factory production floor
/en/about/,img,/images/manufacturing/real/cutting-prep-9809.jpg,True,527061,400,300,CNC cutting and steel preparation
/en/about/,img,/images/manufacturing/real/welding-9820.jpg,True,475969,400,300,Steel welding and fabrication
/en/about/,img,/images/manufacturing/real/assembly-welding-9821.jpg,True,609974,400,300,Steel assembly and fabrication workshop
/en/about/,img,/images/logo-official-transparent-cropped.png,True,25287,359,38,ZhongSai Steel Structure Logo
/en/blog/how-to-import-steel-structure-from-china-complete-guide/,img,/images/logo-official-transparent-cropped.png,True,25287,359,38,ZhongSai Steel Structure Logo
/en/blog/how-to-import-steel-structure-from-china-complete-guide/,img,/images/logo-official-transparent-cropped.png,True,25287,359,38,ZhongSai Steel Structure Logo
/en/blog/how-to-import-steel-structure-from-china-to-africa/,img,/images/logo-official-transparent-cropped.png,True,25287,359,38,ZhongSai Steel Structure Logo
/en/blog/how-to-import-steel-structure-from-china-to-africa/,img,/images/logo-official-transparent-cropped.png,True,25287,359,38,ZhongSai Steel Structure Logo
/en/blog/shipping-cost-steel-structure-from-china/,img,/images/logo-official-transparent-cropped.png,True,25287,359,38,ZhongSai Steel Structure Logo
/en/blog/shipping-cost-steel-structure-from-china/,img,/images/logo-official-transparent-cropped.png,True,25287,359,38,ZhongSai Steel Structure Logo
/en/blog/steel-structure-container-loading-guide/,img,/images/logo-official-transparent-cropped.png,True,25287,359,38,ZhongSai Steel Structure Logo
/en/blog/steel-structure-container-loading-guide/,img,/images/logo-official-transparent-cropped.png,True,25287,359,38,ZhongSai Steel Structure Logo
/en/blog/steel-warehouse-cost-complete-guide/,img,/images/logo-official-transparent-cropped.png,True,25287,359,38,ZhongSai Steel Structure Logo
/en/blog/steel-warehouse-cost-complete-guide/,img,/images/logo-official-transparent-cropped.png,True,25287,359,38,ZhongSai Steel Structure Logo
/en/components/fabricated-steel-beams-columns/,img,/images/logo-official-transparent-cropped.png,True,25287,359,38,ZhongSai Steel Structure Logo
/en/components/fabricated-steel-beams-columns/,img,/images/components/complex-steel-truss-fabrication.jpg,True,434430,,,Complex fabricated steel truss and structural steel members
/en/components/fabricated-steel-beams-columns/,img,/images/logo-official-transparent-cropped.png,True,25287,359,38,ZhongSai Steel Structure Logo
/en/components/,img,/images/logo-official-transparent-cropped.png,True,25287,359,38,ZhongSai Steel Structure Logo
/en/components/,img,/images/logo-official-transparent-cropped.png,True,25287,359,38,ZhongSai Steel Structure Logo
/en/components/roof-wall-cladding-systems/,img,/images/logo-official-transparent-cropped.png,True,25287,359,38,ZhongSai Steel Structure Logo
/en/components/roof-wall-cladding-systems/,img,/images/components/brochure-envelope-system-overview.jpg,True,113077,,,ZhongSai steel building roof and wall cladding systems
/en/components/roof-wall-cladding-systems/,img,/images/components/brochure-envelope-system-detail.jpg,True,104948,,,ZhongSai insulated sandwich panels and cladding system details
/en/components/roof-wall-cladding-systems/,img,/images/logo-official-transparent-cropped.png,True,25287,359,38,ZhongSai Steel Structure Logo
/en/components/steel-purlins/,img,/images/logo-official-transparent-cropped.png,True,25287,359,38,ZhongSai Steel Structure Logo
/en/components/steel-purlins/,img,/images/logo-official-transparent-cropped.png,True,25287,359,38,ZhongSai Steel Structure Logo
/en/components/steel-trusses/,img,/images/logo-official-transparent-cropped.png,True,25287,359,38,ZhongSai Steel Structure Logo
/en/components/steel-trusses/,img,/images/logo-official-transparent-cropped.png,True,25287,359,38,ZhongSai Steel Structure Logo
/en/contact/,img,/images/logo-official-transparent-cropped.png,True,25287,359,38,ZhongSai Steel Structure Logo
/en/contact/,img,/images/manufacturing/real/factory-overview-9819.jpg,True,742041,600,450,ZhongSai steel structure manufacturing facility
/en/contact/,img,/images/logo-official-transparent-cropped.png,True,25287,359,38,ZhongSai Steel Structure Logo
/en/engineering-design/,img,/images/logo-official-transparent-cropped.png,True,25287,359,38,ZhongSai Steel Structure Logo
/en/engineering-design/,img,/images/products/01-industrial.jpg,True,1256102,,,Steel building structural planning for industrial projects
/en/engineering-design/,img,/images/logo-official-transparent-cropped.png,True,25287,359,38,ZhongSai Steel Structure Logo
/en/export-delivery/,img,/images/logo-official-transparent-cropped.png,True,25287,359,38,ZhongSai Steel Structure Logo
/en/export-delivery/,img,/images/export/heavy-member-prep-308_web.jpg,True,494026,600,450,Steel components prepared for export packing and loading
/en/export-delivery/,img,/images/components/finished-steel-members-stacked.jpg,True,361828,500,375,Component Preparation
/en/export-delivery/,img,/images/export/heavy-member-prep-308_web.jpg,True,494026,500,375,Crane Lifting & Truck Loading
/en/export-delivery/,img,/images/export/container-loading-310_web.jpg,True,611125,500,375,Container Loading
/en/export-delivery/,img,/images/export/container-loading-256_web.jpg,True,768210,500,375,Loaded Container & Export Preparation
/en/export-delivery/,img,/images/logo-official-transparent-cropped.png,True,25287,359,38,ZhongSai Steel Structure Logo
/en/faq/,img,/images/logo-official-transparent-cropped.png,True,25287,359,38,ZhongSai Steel Structure Logo
/en/faq/,img,/images/logo-official-transparent-cropped.png,True,25287,359,38,ZhongSai Steel Structure Logo
/en/,img,/images/logo-official-transparent-cropped.png,True,25287,359,38,ZhongSai Steel Structure Logo
/en/,img,/images/manufacturing/real/cutting-prep-9809.jpg,True,527061,,,Steel plate cutting during steel structure fabrication
/en/,img,/images/manufacturing/real/assembly-welding-9821.jpg,True,609974,,,Assembly and welding of fabricated steel components
/en/,img,/images/components/finished-coated-components.jpg,True,739946,,,Finished coated steel components prepared for project supply
/en/,img,/images/company/factory-aerial-panorama.jpg,True,338935,,,"Aerial view of ZhongSai production base with gantry cranes, main workshop and finished component yard"
/en/,img,/images/company/factory-interior-production.jpg,True,742041,,,"ZhongSai production workshop interior with overhead cranes, steel beam production line and fabricated components"
/en/,img,/images/company/factory-steel-beam-fabrication.jpg,True,1172923,,,Fabricated steel beams with connection plates and bolt holes neatly stacked in the workshop
/en/,img,/images/company/factory-yard-gantry-crane.jpg,True,407382,,,"ZhongSai outdoor yard with gantry crane lifting finished steel components, components marked and ready for container loading"
/en/,img,/images/container-loading.jpg,True,256404,,,"Steel structure components being loaded into containers for export, workers loading marked components in sequence"
/en/,img,/images/company/factory-interior-production.jpg,True,742041,,,ZhongSai steel structure manufacturing facility supporting industrial project fabrication and export supply
/en/,img,/images/container-loading.jpg,True,256404,,,"Steel structure components being loaded into containers for export, loaded in sequence by marking number"
/en/,img,/images/logo-official-transparent-cropped.png,True,25287,359,38,ZhongSai Steel Structure Logo
/en/manufacturing-quality/,img,/images/logo-official-transparent-cropped.png,True,25287,359,38,ZhongSai Steel Structure Logo
/en/manufacturing-quality/,img,/images/company/factory-yard-gantry-crane.jpg,True,407382,,,Raw Material Preparation
/en/manufacturing-quality/,img,/images/manufacturing/real/cutting-prep-9809.jpg,True,527061,,,CNC Cutting
/en/manufacturing-quality/,img,/images/manufacturing/real/assembly-welding-9821.jpg,True,609974,,,Assembly & Welding
/en/manufacturing-quality/,img,/images/components/finished-steel-beams-columns.jpg,True,672339,,,Drilling & Member Finishing
/en/manufacturing-quality/,img,/images/company/factory-steel-beam-fabrication.jpg,True,1172923,,,Custom Component Fabrication
/en/manufacturing-quality/,img,/images/components/finished-coated-components.jpg,True,739946,,,Surface Preparation & Coating
/en/manufacturing-quality/,img,/images/components/finished-steel-members-stacked.jpg,True,361828,,,ZhongSai manufacturing facility
/en/manufacturing-quality/,img,/images/container-loading.jpg,True,256404,,,"Marking, Packing & Loading"
/en/manufacturing-quality/,img,/images/manufacturing/real/factory-overview-9819.jpg,True,742041,,,ZhongSai manufacturing facility
/en/manufacturing-quality/,img,/images/manufacturing/real/cutting-prep-9809.jpg,True,527061,,,ZhongSai manufacturing facility
/en/manufacturing-quality/,img,/images/manufacturing/real/welding-9820.jpg,True,475969,,,ZhongSai manufacturing facility
/en/manufacturing-quality/,img,/images/manufacturing/real/assembly-welding-9821.jpg,True,609974,,,ZhongSai manufacturing facility
/en/manufacturing-quality/,img,/images/logo-official-transparent-cropped.png,True,25287,359,38,ZhongSai Steel Structure Logo
/en/privacy/,img,/images/logo-official-transparent-cropped.png,True,25287,359,38,ZhongSai Steel Structure Logo
/en/privacy/,img,/images/logo-official-transparent-cropped.png,True,25287,359,38,ZhongSai Steel Structure Logo
/en/products/custom-engineering/,img,/images/logo-official-transparent-cropped.png,True,25287,359,38,ZhongSai Steel Structure Logo
/en/products/custom-engineering/,img,/images/manufacturing/real/steel-welding-assembly-9822.jpg,True,453749,,,ZhongSai structural steel fabrication from drawings
/en/products/custom-engineering/,img,/images/logo-official-transparent-cropped.png,True,25287,359,38,ZhongSai Steel Structure Logo
/en/products/,img,/images/logo-official-transparent-cropped.png,True,25287,359,38,ZhongSai Steel Structure Logo
/en/products/,img,/images/products/app-industrial-manufacturing.jpg,True,552276,,,Concept visualization of a modern long-span industrial steel structure workshop
/en/products/,img,/images/products/app-warehouse-logistics.jpg,True,713291,,,Concept visualization of a modern steel warehouse and logistics building
/en/products/,img,/images/products/app-agriculture-livestock.jpg,True,1354687,,,Concept visualization of a modern agricultural and livestock steel structure building
/en/products/,img,/images/products/app-commercial-public.jpg,True,1302515,,,Concept visualization of a modern commercial and public steel structure building
/en/products/,img,/images/products/app-transport-infrastructure.jpg,True,990731,,,Concept visualization of steel bridge and transportation infrastructure structure
/en/products/,img,/images/products/app-mining-energy.jpg,True,1213177,,,Concept visualization of mining and heavy industry steel structure facility
/en/products/,img,/images/products/app-special-custom.jpg,True,1118710,,,Concept visualization of special and custom steel structure with spiral staircase and irregular forms
/en/products/,img,/images/products/06-custom-engineering.jpg,True,1447843,,,Concept visualization of custom steel fabrication with complex steel members
/en/products/,img,/images/logo-official-transparent-cropped.png,True,25287,359,38,ZhongSai Steel Structure Logo
/en/projects/cnooc-pr6-pipe-rack/,img,/images/logo-official-transparent-cropped.png,True,25287,359,38,ZhongSai Steel Structure Logo
/en/projects/cnooc-pr6-pipe-rack/,img,/images/projects/cnooc-pr6-pipe-rack-frame-aerial-rendering.jpg,True,158320,1920,800,CNOOC PR6 Pipe Rack 4-SS2 Frame Project Project Site
/en/projects/cnooc-pr6-pipe-rack/,img,/images/projects/cnooc-pr6-pipe-rack-frame-aerial-rendering.jpg,True,158320,800,600,CNOOC PR6 Pipe Rack 4-SS2 Frame Project - Project Site
/en/projects/cnooc-pr6-pipe-rack/,img,/images/projects/cnooc-pr6-pipe-rack-frame-construction-site-1.jpg,True,118877,800,600,CNOOC PR6 Pipe Rack 4-SS2 Frame Project - Project Site
/en/projects/cnooc-pr6-pipe-rack/,img,/images/projects/cnooc-pr6-pipe-rack-frame-construction-site-2.jpg,True,114512,800,600,CNOOC PR6 Pipe Rack 4-SS2 Frame Project - Project Site
/en/projects/cnooc-pr6-pipe-rack/,img,/images/projects/cnooc-pr6-pipe-rack-frame-detail-view.jpg,True,153839,800,600,CNOOC PR6 Pipe Rack 4-SS2 Frame Project - Steel Structure Detail
/en/projects/cnooc-pr6-pipe-rack/,img,/images/logo-official-transparent-cropped.png,True,25287,359,38,ZhongSai Steel Structure Logo
/en/projects/cnpc-cracking-furnace/,img,/images/logo-official-transparent-cropped.png,True,25287,359,38,ZhongSai Steel Structure Logo
/en/projects/cnpc-cracking-furnace/,img,/images/projects/cnpc-sixth-construction-cracking-furnace-aerial-view.jpg,True,141321,1920,800,CNPC Sixth Construction Cracking Furnace Project Project Site
/en/projects/cnpc-cracking-furnace/,img,/images/projects/cnpc-sixth-construction-cracking-furnace-aerial-view.jpg,True,141321,800,600,CNPC Sixth Construction Cracking Furnace Project - Project Site
/en/projects/cnpc-cracking-furnace/,img,/images/projects/cnpc-sixth-construction-cracking-furnace-construction-site.jpg,True,129276,800,600,CNPC Sixth Construction Cracking Furnace Project - Construction Site
/en/projects/cnpc-cracking-furnace/,img,/images/projects/cnpc-sixth-construction-cracking-furnace-equipment-detail.jpg,True,111032,800,600,CNPC Sixth Construction Cracking Furnace Project - Equipment Detail
/en/projects/cnpc-cracking-furnace/,img,/images/projects/cnpc-sixth-construction-cracking-furnace-installation-view.jpg,True,100008,800,600,CNPC Sixth Construction Cracking Furnace Project - Installation Stage
/en/projects/cnpc-cracking-furnace/,img,/images/logo-official-transparent-cropped.png,True,25287,359,38,ZhongSai Steel Structure Logo
/en/projects/cnpc-liquid-furnace/,img,/images/logo-official-transparent-cropped.png,True,25287,359,38,ZhongSai Steel Structure Logo
/en/projects/cnpc-liquid-furnace/,img,/images/projects/cnpc-sixth-construction-liquid-furnace-aerial-view.jpg,True,198514,1920,800,CNPC Sixth Construction Liquid Furnace Project Project Site
/en/projects/cnpc-liquid-furnace/,img,/images/projects/cnpc-sixth-construction-liquid-furnace-aerial-view.jpg,True,198514,800,600,CNPC Sixth Construction Liquid Furnace Project - Project Site
/en/projects/cnpc-liquid-furnace/,img,/images/projects/cnpc-sixth-construction-liquid-furnace-construction-site.jpg,True,88149,800,600,CNPC Sixth Construction Liquid Furnace Project - Construction Site
/en/projects/cnpc-liquid-furnace/,img,/images/projects/cnpc-sixth-construction-liquid-furnace-equipment-detail.jpg,True,122352,800,600,CNPC Sixth Construction Liquid Furnace Project - Equipment Detail
/en/projects/cnpc-liquid-furnace/,img,/images/projects/cnpc-sixth-construction-liquid-furnace-installation-view.jpg,True,137784,800,600,CNPC Sixth Construction Liquid Furnace Project - Installation Stage
/en/projects/cnpc-liquid-furnace/,img,/images/logo-official-transparent-cropped.png,True,25287,359,38,ZhongSai Steel Structure Logo
/en/projects/dongguan-huarun-center/,img,/images/logo-official-transparent-cropped.png,True,25287,359,38,ZhongSai Steel Structure Logo
/en/projects/dongguan-huarun-center/,img,/images/projects/huarun-center-commercial-residential-aerial-rendering.jpg,True,123520,1920,800,Dongguan Huarun Land Center Commercial & Residential Building Project Project Rendering
/en/projects/dongguan-huarun-center/,img,/images/projects/huarun-center-commercial-residential-aerial-rendering.jpg,True,123520,800,600,Dongguan Huarun Land Center Commercial & Residential Building Project - Project Rendering
/en/projects/dongguan-huarun-center/,img,/images/projects/huarun-center-commercial-residential-completed-building.jpg,True,60059,800,600,Dongguan Huarun Land Center Commercial & Residential Building Project - Completed View
/en/projects/dongguan-huarun-center/,img,/images/projects/huarun-center-commercial-residential-construction-panorama.jpg,True,87908,800,600,Dongguan Huarun Land Center Commercial & Residential Building Project - Construction Panorama
/en/projects/dongguan-huarun-center/,img,/images/projects/huarun-center-commercial-residential-construction-site.jpg,True,75164,800,600,Dongguan Huarun Land Center Commercial & Residential Building Project - Project Site
/en/projects/dongguan-huarun-center/,img,/images/projects/huarun-center-commercial-residential-steel-structure-detail.jpg,True,100401,800,600,Dongguan Huarun Land Center Commercial & Residential Building Project - Steel Structure Detail
/en/projects/dongguan-huarun-center/,img,/images/projects/huarun-center-commercial-residential-structure-analysis.jpg,True,62112,800,600,Dongguan Huarun Land Center Commercial & Residential Building Project - Structure Analysis
/en/projects/dongguan-huarun-center/,img,/images/logo-official-transparent-cropped.png,True,25287,359,38,ZhongSai Steel Structure Logo
/en/projects/futian-bonded-zone-customs/,img,/images/logo-official-transparent-cropped.png,True,25287,359,38,ZhongSai Steel Structure Logo
/en/projects/futian-bonded-zone-customs/,img,/images/projects/futian-bonded-zone-customs-aerial-rendering.jpg,True,73802,1920,800,Shenzhen Futian Bonded Zone Customs Infrastructure Upgrade and Renovation Project Project Rendering
/en/projects/futian-bonded-zone-customs/,img,/images/projects/futian-bonded-zone-customs-aerial-rendering.jpg,True,73802,800,600,Shenzhen Futian Bonded Zone Customs Infrastructure Upgrade and Renovation Project - Project Rendering
/en/projects/futian-bonded-zone-customs/,img,/images/projects/futian-bonded-zone-customs-construction-site.jpg,True,67069,800,600,Shenzhen Futian Bonded Zone Customs Infrastructure Upgrade and Renovation Project - Project Site
/en/projects/futian-bonded-zone-customs/,img,/images/projects/futian-bonded-zone-customs-interior-view.jpg,True,62755,800,600,Shenzhen Futian Bonded Zone Customs Infrastructure Upgrade and Renovation Project - Interior View
/en/projects/futian-bonded-zone-customs/,img,/images/projects/futian-bonded-zone-customs-street-view.jpg,True,84825,800,600,Shenzhen Futian Bonded Zone Customs Infrastructure Upgrade and Renovation Project - Project Model
/en/projects/futian-bonded-zone-customs/,img,/images/logo-official-transparent-cropped.png,True,25287,359,38,ZhongSai Steel Structure Logo
/en/projects/guangzhou-high-end-equipment-base/,img,/images/logo-official-transparent-cropped.png,True,25287,359,38,ZhongSai Steel Structure Logo
/en/projects/guangzhou-high-end-equipment-base/,img,/images/projects/guangzhou-gongkong-high-end-equipment-base-aerial-rendering.jpg,True,131359,1920,800,Guangzhou Gongkong Greater Bay Area Modern High-End Equipment R&D and Production Base Project Rendering
/en/projects/guangzhou-high-end-equipment-base/,img,/images/projects/guangzhou-gongkong-high-end-equipment-base-aerial-rendering.jpg,True,131359,800,600,Guangzhou Gongkong Greater Bay Area Modern High-End Equipment R&D and Production Base - Project Rendering
/en/projects/guangzhou-high-end-equipment-base/,img,/images/projects/guangzhou-gongkong-high-end-equipment-base-construction-site-1.jpg,True,97314,800,600,Guangzhou Gongkong Greater Bay Area Modern High-End Equipment R&D and Production Base - Project Site
/en/projects/guangzhou-high-end-equipment-base/,img,/images/projects/guangzhou-gongkong-high-end-equipment-base-construction-site-2.jpg,True,87111,800,600,Guangzhou Gongkong Greater Bay Area Modern High-End Equipment R&D and Production Base - Project Site
/en/projects/guangzhou-high-end-equipment-base/,img,/images/projects/guangzhou-gongkong-high-end-equipment-base-detail-view.jpg,True,103459,800,600,Guangzhou Gongkong Greater Bay Area Modern High-End Equipment R&D and Production Base - Steel Structure Detail
/en/projects/guangzhou-high-end-equipment-base/,img,/images/logo-official-transparent-cropped.png,True,25287,359,38,ZhongSai Steel Structure Logo
/en/projects/,img,/images/logo-official-transparent-cropped.png,True,25287,359,38,ZhongSai Steel Structure Logo
/en/projects/,img,/images/projects/shenzhen-international-zhanjiang-logistics-port-aerial-rendering.jpg,True,198225,800,500,Shenzhen International Zhanjiang Comprehensive Logistics Port Project
/en/projects/,img,/images/projects/huarun-center-commercial-residential-aerial-rendering.jpg,True,123520,800,500,Dongguan Huarun Land Center Commercial & Residential Building Project
/en/projects/,img,/images/projects/shanghai-baoye-xiegang-aviation-manufacturing-aerial-rendering.jpg,True,137540,800,500,Shanghai Baoye Xiegang General Aviation Manufacturing & Supply Chain Project
/en/projects/,img,/images/projects/guangzhou-gongkong-high-end-equipment-base-aerial-rendering.jpg,True,131359,800,500,Guangzhou Gongkong Greater Bay Area Modern High-End Equipment R&D and Production Base
/en/projects/,img,/images/projects/shantou-luxshare-precision-electronics-aerial-rendering.jpg,True,224479,800,500,Shantou Luxshare Precision Global Electronic Information Industry Center Project
/en/projects/,img,/images/projects/futian-bonded-zone-customs-aerial-rendering.jpg,True,73802,800,500,Shenzhen Futian Bonded Zone Customs Infrastructure Upgrade and Renovation Project
/en/projects/,img,/images/projects/shenzhen-qianhai-dreamfactory-aerial-rendering.jpg,True,127700,800,500,Shenzhen Qianhai Shenzhen-Hong Kong Youth Dream Factory Project
/en/projects/,img,/images/projects/cnpc-sixth-construction-cracking-furnace-aerial-view.jpg,True,141321,800,500,CNPC Sixth Construction Cracking Furnace Project
/en/projects/,img,/images/projects/cnpc-sixth-construction-liquid-furnace-aerial-view.jpg,True,198514,800,500,CNPC Sixth Construction Liquid Furnace Project
/en/projects/,img,/images/projects/guangdong-yixian-biotech-manufacturing-aerial-rendering.jpg,True,151745,800,500,Guangdong Yixian Biotechnology High-End Manufacturing Plant Project
/en/projects/,img,/images/projects/luohu-mixc-commercial-skybridge-aerial-rendering.jpg,True,115740,800,500,Shenzhen Luohu Mixc Commercial Center Skybridge Project
/en/projects/,img,/images/projects/cnooc-pr6-pipe-rack-frame-aerial-rendering.jpg,True,158320,800,500,CNOOC PR6 Pipe Rack 4-SS2 Frame Project
/en/projects/,img,/images/logo-official-transparent-cropped.png,True,25287,359,38,ZhongSai Steel Structure Logo
/en/projects/luohu-mixc-skybridge/,img,/images/logo-official-transparent-cropped.png,True,25287,359,38,ZhongSai Steel Structure Logo
/en/projects/luohu-mixc-skybridge/,img,/images/projects/luohu-mixc-commercial-skybridge-aerial-rendering.jpg,True,115740,1920,800,Shenzhen Luohu Mixc Commercial Center Skybridge Project Project Rendering
/en/projects/luohu-mixc-skybridge/,img,/images/projects/luohu-mixc-commercial-skybridge-aerial-rendering.jpg,True,115740,800,600,Shenzhen Luohu Mixc Commercial Center Skybridge Project - Project Rendering
/en/projects/luohu-mixc-skybridge/,img,/images/projects/luohu-mixc-commercial-skybridge-completed-view.jpg,True,99048,800,600,Shenzhen Luohu Mixc Commercial Center Skybridge Project - Project Rendering
/en/projects/luohu-mixc-skybridge/,img,/images/projects/luohu-mixc-commercial-skybridge-construction-site.jpg,True,93995,800,600,Shenzhen Luohu Mixc Commercial Center Skybridge Project - Construction Site
/en/projects/luohu-mixc-skybridge/,img,/images/projects/luohu-mixc-commercial-skybridge-street-view.jpg,True,116065,800,600,Shenzhen Luohu Mixc Commercial Center Skybridge Project - Street View
/en/projects/luohu-mixc-skybridge/,img,/images/logo-official-transparent-cropped.png,True,25287,359,38,ZhongSai Steel Structure Logo
/en/projects/qianhai-dreamfactory/,img,/images/logo-official-transparent-cropped.png,True,25287,359,38,ZhongSai Steel Structure Logo
/en/projects/qianhai-dreamfactory/,img,/images/projects/shenzhen-qianhai-dreamfactory-aerial-rendering.jpg,True,127700,1920,800,Shenzhen Qianhai Shenzhen-Hong Kong Youth Dream Factory Project Project Rendering
/en/projects/qianhai-dreamfactory/,img,/images/projects/shenzhen-qianhai-dreamfactory-aerial-rendering.jpg,True,127700,800,600,Shenzhen Qianhai Shenzhen-Hong Kong Youth Dream Factory Project - Project Rendering
/en/projects/qianhai-dreamfactory/,img,/images/projects/shenzhen-qianhai-dreamfactory-construction-site-1.jpg,True,97880,800,600,Shenzhen Qianhai Shenzhen-Hong Kong Youth Dream Factory Project - Project Site
/en/projects/qianhai-dreamfactory/,img,/images/projects/shenzhen-qianhai-dreamfactory-construction-site-2.jpg,True,62495,800,600,Shenzhen Qianhai Shenzhen-Hong Kong Youth Dream Factory Project - Project Site
/en/projects/qianhai-dreamfactory/,img,/images/projects/shenzhen-qianhai-dreamfactory-detail-view.jpg,True,116018,800,600,Shenzhen Qianhai Shenzhen-Hong Kong Youth Dream Factory Project - Steel Structure Detail
/en/projects/qianhai-dreamfactory/,img,/images/logo-official-transparent-cropped.png,True,25287,359,38,ZhongSai Steel Structure Logo
/en/projects/shantou-luxshare-electronics-center/,img,/images/logo-official-transparent-cropped.png,True,25287,359,38,ZhongSai Steel Structure Logo
/en/projects/shantou-luxshare-electronics-center/,img,/images/projects/shantou-luxshare-precision-electronics-aerial-rendering.jpg,True,224479,1920,800,Shantou Luxshare Precision Global Electronic Information Industry Center Project Project Rendering
/en/projects/shantou-luxshare-electronics-center/,img,/images/projects/shantou-luxshare-precision-electronics-aerial-rendering.jpg,True,224479,800,600,Shantou Luxshare Precision Global Electronic Information Industry Center Project - Project Rendering
/en/projects/shantou-luxshare-electronics-center/,img,/images/projects/shantou-luxshare-precision-electronics-construction-aerial.jpg,True,128777,800,600,Shantou Luxshare Precision Global Electronic Information Industry Center Project - Construction Aerial
/en/projects/shantou-luxshare-electronics-center/,img,/images/projects/shantou-luxshare-precision-electronics-project-panorama.jpg,True,120719,800,600,Shantou Luxshare Precision Global Electronic Information Industry Center Project - Project Panorama
/en/projects/shantou-luxshare-electronics-center/,img,/images/projects/shantou-luxshare-precision-electronics-street-view.jpg,True,124099,800,600,Shantou Luxshare Precision Global Electronic Information Industry Center Project - Project Rendering
/en/projects/shantou-luxshare-electronics-center/,img,/images/logo-official-transparent-cropped.png,True,25287,359,38,ZhongSai Steel Structure Logo
/en/projects/xiegang-aviation-manufacturing/,img,/images/logo-official-transparent-cropped.png,True,25287,359,38,ZhongSai Steel Structure Logo
/en/projects/xiegang-aviation-manufacturing/,img,/images/projects/shanghai-baoye-xiegang-aviation-manufacturing-aerial-rendering.jpg,True,137540,1920,800,Shanghai Baoye Xiegang General Aviation Manufacturing & Supply Chain Project Project Rendering
/en/projects/xiegang-aviation-manufacturing/,img,/images/projects/shanghai-baoye-xiegang-aviation-manufacturing-aerial-rendering.jpg,True,137540,800,600,Shanghai Baoye Xiegang General Aviation Manufacturing & Supply Chain Project - Project Rendering
/en/projects/xiegang-aviation-manufacturing/,img,/images/projects/shanghai-baoye-xiegang-aviation-manufacturing-building-rendering.jpg,True,22857,800,600,Shanghai Baoye Xiegang General Aviation Manufacturing & Supply Chain Project - Building Rendering
/en/projects/xiegang-aviation-manufacturing/,img,/images/projects/shanghai-baoye-xiegang-aviation-manufacturing-construction-site-1.jpg,True,126705,800,600,Shanghai Baoye Xiegang General Aviation Manufacturing & Supply Chain Project - Project Site
/en/projects/xiegang-aviation-manufacturing/,img,/images/projects/shanghai-baoye-xiegang-aviation-manufacturing-construction-site-2.jpg,True,114154,800,600,Shanghai Baoye Xiegang General Aviation Manufacturing & Supply Chain Project - Project Site
/en/projects/xiegang-aviation-manufacturing/,img,/images/projects/shanghai-baoye-xiegang-aviation-manufacturing-detail-view.jpg,True,166551,800,600,Shanghai Baoye Xiegang General Aviation Manufacturing & Supply Chain Project - Steel Structure Detail
/en/projects/xiegang-aviation-manufacturing/,img,/images/logo-official-transparent-cropped.png,True,25287,359,38,ZhongSai Steel Structure Logo
/en/projects/yixian-biotech-manufacturing/,img,/images/logo-official-transparent-cropped.png,True,25287,359,38,ZhongSai Steel Structure Logo
/en/projects/yixian-biotech-manufacturing/,img,/images/projects/guangdong-yixian-biotech-manufacturing-aerial-rendering.jpg,True,151745,1920,800,Guangdong Yixian Biotechnology High-End Manufacturing Plant Project Project Rendering
/en/projects/yixian-biotech-manufacturing/,img,/images/projects/guangdong-yixian-biotech-manufacturing-aerial-rendering.jpg,True,151745,800,600,Guangdong Yixian Biotechnology High-End Manufacturing Plant Project - Project Rendering
/en/projects/yixian-biotech-manufacturing/,img,/images/projects/guangdong-yixian-biotech-manufacturing-construction-site-1.jpg,True,85381,800,600,Guangdong Yixian Biotechnology High-End Manufacturing Plant Project - Project Site
/en/projects/yixian-biotech-manufacturing/,img,/images/projects/guangdong-yixian-biotech-manufacturing-construction-site-2.jpg,True,76490,800,600,Guangdong Yixian Biotechnology High-End Manufacturing Plant Project - Project Site
/en/projects/yixian-biotech-manufacturing/,img,/images/projects/guangdong-yixian-biotech-manufacturing-detail-view.jpg,True,127058,800,600,Guangdong Yixian Biotechnology High-End Manufacturing Plant Project - Steel Structure Detail
/en/projects/yixian-biotech-manufacturing/,img,/images/logo-official-transparent-cropped.png,True,25287,359,38,ZhongSai Steel Structure Logo
/en/projects/zhanjiang-logistics-port/,img,/images/logo-official-transparent-cropped.png,True,25287,359,38,ZhongSai Steel Structure Logo
/en/projects/zhanjiang-logistics-port/,img,/images/projects/shenzhen-international-zhanjiang-logistics-port-aerial-rendering.jpg,True,198225,1920,800,Shenzhen International Zhanjiang Comprehensive Logistics Port Project Project Rendering
/en/projects/zhanjiang-logistics-port/,img,/images/projects/shenzhen-international-zhanjiang-logistics-port-aerial-rendering.jpg,True,198225,800,600,Shenzhen International Zhanjiang Comprehensive Logistics Port Project - Project Rendering
/en/projects/zhanjiang-logistics-port/,img,/images/projects/shenzhen-international-zhanjiang-logistics-port.jpg,True,901742,800,600,Shenzhen International Zhanjiang Comprehensive Logistics Port Project - Project Rendering
/en/projects/zhanjiang-logistics-port/,img,/images/projects/shenzhen-international-zhanjiang-logistics-port-construction-site-1.jpg,True,82968,800,600,Shenzhen International Zhanjiang Comprehensive Logistics Port Project - Project Site
/en/projects/zhanjiang-logistics-port/,img,/images/projects/shenzhen-international-zhanjiang-logistics-port-construction-site-2.jpg,True,102506,800,600,Shenzhen International Zhanjiang Comprehensive Logistics Port Project - Project Site
/en/projects/zhanjiang-logistics-port/,img,/images/projects/shenzhen-international-zhanjiang-logistics-port-structure-analysis-2.jpg,True,129027,800,600,Shenzhen International Zhanjiang Comprehensive Logistics Port Project - Structure Analysis
/en/projects/zhanjiang-logistics-port/,img,/images/logo-official-transparent-cropped.png,True,25287,359,38,ZhongSai Steel Structure Logo
/en/services/structural-steel-detailing/,img,/images/logo-official-transparent-cropped.png,True,25287,359,38,ZhongSai Steel Structure Logo
/en/services/structural-steel-detailing/,img,/images/components/finished-steel-beams-columns.jpg,True,672339,,,Structural steel detailing for beams and columns
/en/services/structural-steel-detailing/,img,/images/manufacturing/real/steel-welding-assembly-9822.jpg,True,453749,,,Shop drawings support CNC cutting and welding fabrication
/en/services/structural-steel-detailing/,img,/images/components/complex-steel-truss-fabrication.jpg,True,434430,,,Complex steel components fabricated from shop drawings
/en/services/structural-steel-detailing/,img,/images/logo-official-transparent-cropped.png,True,25287,359,38,ZhongSai Steel Structure Logo
/en/solutions/,img,/images/logo-official-transparent-cropped.png,True,25287,359,38,ZhongSai Steel Structure Logo
/en/solutions/,img,/images/logo-official-transparent-cropped.png,True,25287,359,38,ZhongSai Steel Structure Logo
/en/steel-mining-factory/,img,/images/logo-official-transparent-cropped.png,True,25287,359,38,ZhongSai Steel Structure Logo
/en/steel-mining-factory/,img,/images/manufacturing/real/welding-9820.jpg,True,475969,,,ZhongSai heavy steel component fabrication
/en/steel-mining-factory/,img,/images/container-loading.jpg,True,256404,,,Steel structure container loading for export
/en/steel-mining-factory/,img,/images/logo-official-transparent-cropped.png,True,25287,359,38,ZhongSai Steel Structure Logo
/en/steel-supermarket-mall/,img,/images/logo-official-transparent-cropped.png,True,25287,359,38,ZhongSai Steel Structure Logo
/en/steel-supermarket-mall/,img,/images/logo-official-transparent-cropped.png,True,25287,359,38,ZhongSai Steel Structure Logo
/en/steel-warehouse/,img,/images/logo-official-transparent-cropped.png,True,25287,359,38,ZhongSai Steel Structure Logo
/en/steel-warehouse/,img,/images/company/factory-yard-gantry-crane.jpg,True,407382,,,ZhongSai steel structure warehouse storage space
/en/steel-warehouse/,img,/images/products/06-custom-engineering.jpg,True,1447843,,,Steel warehouse roof and wall cladding systems
/en/steel-warehouse/,img,/images/logo-official-transparent-cropped.png,True,25287,359,38,ZhongSai Steel Structure Logo
/en/steel-workshop/,img,/images/logo-official-transparent-cropped.png,True,25287,359,38,ZhongSai Steel Structure Logo
/en/steel-workshop/,img,/images/company/factory-interior-production.jpg,True,742041,,,ZhongSai steel structure workshop production space
/en/steel-workshop/,img,/images/products/06-custom-engineering.jpg,True,1447843,,,Steel structure roof and wall cladding systems
/en/steel-workshop/,img,/images/logo-official-transparent-cropped.png,True,25287,359,38,ZhongSai Steel Structure Logo
/en/terms/,img,/images/logo-official-transparent-cropped.png,True,25287,359,38,ZhongSai Steel Structure Logo
/en/terms/,img,/images/logo-official-transparent-cropped.png,True,25287,359,38,ZhongSai Steel Structure Logo
/zh/about/,img,/images/logo-official-transparent-cropped.png,True,25287,359,38,ZhongSai Steel Structure Logo
/zh/about/,img,/images/manufacturing/real/factory-overview-9819.jpg,True,742041,800,600,中赛钢构工厂生产车间
/zh/about/,img,/images/manufacturing/real/cutting-prep-9809.jpg,True,527061,400,300,CNC切割与钢材准备
/zh/about/,img,/images/manufacturing/real/welding-9820.jpg,True,475969,400,300,钢结构焊接加工
/zh/about/,img,/images/manufacturing/real/assembly-welding-9821.jpg,True,609974,400,300,钢构件组立加工车间
/zh/about/,img,/images/logo-official-transparent-cropped.png,True,25287,359,38,ZhongSai Steel Structure Logo
/zh/components/fabricated-steel-beams-columns/,img,/images/logo-official-transparent-cropped.png,True,25287,359,38,ZhongSai Steel Structure Logo
/zh/components/fabricated-steel-beams-columns/,img,/images/components/complex-steel-truss-fabrication.jpg,True,434430,,,复杂钢桁架及钢结构构件按图加工
/zh/components/fabricated-steel-beams-columns/,img,/images/logo-official-transparent-cropped.png,True,25287,359,38,ZhongSai Steel Structure Logo
/zh/components/,img,/images/logo-official-transparent-cropped.png,True,25287,359,38,ZhongSai Steel Structure Logo
/zh/components/,img,/images/logo-official-transparent-cropped.png,True,25287,359,38,ZhongSai Steel Structure Logo
/zh/components/roof-wall-cladding-systems/,img,/images/logo-official-transparent-cropped.png,True,25287,359,38,ZhongSai Steel Structure Logo
/zh/components/roof-wall-cladding-systems/,img,/images/components/brochure-envelope-system-overview.jpg,True,113077,,,中赛钢构钢结构建筑屋面墙面围护系统
/zh/components/roof-wall-cladding-systems/,img,/images/components/brochure-envelope-system-detail.jpg,True,104948,,,中赛钢构保温夹芯板与围护系统细节
/zh/components/roof-wall-cladding-systems/,img,/images/logo-official-transparent-cropped.png,True,25287,359,38,ZhongSai Steel Structure Logo
/zh/components/steel-purlins/,img,/images/logo-official-transparent-cropped.png,True,25287,359,38,ZhongSai Steel Structure Logo
/zh/components/steel-purlins/,img,/images/logo-official-transparent-cropped.png,True,25287,359,38,ZhongSai Steel Structure Logo
/zh/components/steel-trusses/,img,/images/logo-official-transparent-cropped.png,True,25287,359,38,ZhongSai Steel Structure Logo
/zh/components/steel-trusses/,img,/images/logo-official-transparent-cropped.png,True,25287,359,38,ZhongSai Steel Structure Logo
/zh/contact/,img,/images/logo-official-transparent-cropped.png,True,25287,359,38,ZhongSai Steel Structure Logo
/zh/contact/,img,/images/manufacturing/real/factory-overview-9819.jpg,True,742041,600,450,中赛钢构钢结构制造工厂
/zh/contact/,img,/images/logo-official-transparent-cropped.png,True,25287,359,38,ZhongSai Steel Structure Logo
/zh/engineering-design/,img,/images/logo-official-transparent-cropped.png,True,25287,359,38,ZhongSai Steel Structure Logo
/zh/engineering-design/,img,/images/products/01-industrial.jpg,True,1256102,,,钢结构工业项目结构规划
/zh/engineering-design/,img,/images/logo-official-transparent-cropped.png,True,25287,359,38,ZhongSai Steel Structure Logo
/zh/export-delivery/,img,/images/logo-official-transparent-cropped.png,True,25287,359,38,ZhongSai Steel Structure Logo
/zh/export-delivery/,img,/images/export/heavy-member-prep-308_web.jpg,True,494026,600,450,准备出口包装和装车的钢构件
/zh/export-delivery/,img,/images/components/finished-steel-members-stacked.jpg,True,361828,500,375,构件准备
/zh/export-delivery/,img,/images/export/heavy-member-prep-308_web.jpg,True,494026,500,375,起吊与装车
/zh/export-delivery/,img,/images/export/container-loading-310_web.jpg,True,611125,500,375,集装箱装载
/zh/export-delivery/,img,/images/export/container-loading-256_web.jpg,True,768210,500,375,装柜完成与出口准备
/zh/export-delivery/,img,/images/logo-official-transparent-cropped.png,True,25287,359,38,ZhongSai Steel Structure Logo
/zh/faq/,img,/images/logo-official-transparent-cropped.png,True,25287,359,38,ZhongSai Steel Structure Logo
/zh/faq/,img,/images/logo-official-transparent-cropped.png,True,25287,359,38,ZhongSai Steel Structure Logo
/zh/,img,/images/logo-official-transparent-cropped.png,True,25287,359,38,ZhongSai Steel Structure Logo
/zh/,img,/images/manufacturing/real/cutting-prep-9809.jpg,True,527061,,,钢结构制造中的钢板切割下料
/zh/,img,/images/manufacturing/real/assembly-welding-9821.jpg,True,609974,,,钢构件组装与焊接加工
/zh/,img,/images/components/finished-coated-components.jpg,True,739946,,,涂装完成、待项目供应的成品钢构件
/zh/,img,/images/company/factory-aerial-panorama.jpg,True,338935,,,中赛钢构生产基地航拍，龙门吊、主厂房和成品构件堆场
/zh/,img,/images/company/factory-interior-production.jpg,True,742041,,,中赛钢构生产车间内部，行车、钢梁生产线和已加工钢构件
/zh/,img,/images/company/factory-steel-beam-fabrication.jpg,True,1172923,,,中赛钢构已加工完成的钢梁，带节点板和螺栓孔，整齐堆放在车间
/zh/,img,/images/company/factory-yard-gantry-crane.jpg,True,407382,,,中赛钢构室外货场，龙门吊正在吊运成品钢构件，构件已编号待装柜
/zh/,img,/images/container-loading.jpg,True,256404,,,钢结构构件装柜出口，工人正在将编号构件装入集装箱
/zh/,img,/images/company/factory-interior-production.jpg,True,742041,,,中赛钢构生产车间，支持工业项目钢结构制造与出口供应
/zh/,img,/images/container-loading.jpg,True,256404,,,钢结构构件装柜出口，按编号顺序装入集装箱
/zh/,img,/images/logo-official-transparent-cropped.png,True,25287,359,38,ZhongSai Steel Structure Logo
/zh/manufacturing-quality/,img,/images/logo-official-transparent-cropped.png,True,25287,359,38,ZhongSai Steel Structure Logo
/zh/manufacturing-quality/,img,/images/company/factory-yard-gantry-crane.jpg,True,407382,,,原材料准备
/zh/manufacturing-quality/,img,/images/manufacturing/real/cutting-prep-9809.jpg,True,527061,,,CNC切割
/zh/manufacturing-quality/,img,/images/manufacturing/real/assembly-welding-9821.jpg,True,609974,,,组立焊接
/zh/manufacturing-quality/,img,/images/components/finished-steel-beams-columns.jpg,True,672339,,,钻孔与构件成型
/zh/manufacturing-quality/,img,/images/company/factory-steel-beam-fabrication.jpg,True,1172923,,,异形构件加工
/zh/manufacturing-quality/,img,/images/components/finished-coated-components.jpg,True,739946,,,表面处理与涂装
/zh/manufacturing-quality/,img,/images/components/finished-steel-members-stacked.jpg,True,361828,,,中赛钢构制造现场
/zh/manufacturing-quality/,img,/images/container-loading.jpg,True,256404,,,编号、包装与装柜
/zh/manufacturing-quality/,img,/images/manufacturing/real/factory-overview-9819.jpg,True,742041,,,中赛钢构制造现场
/zh/manufacturing-quality/,img,/images/manufacturing/real/cutting-prep-9809.jpg,True,527061,,,中赛钢构制造现场
/zh/manufacturing-quality/,img,/images/manufacturing/real/welding-9820.jpg,True,475969,,,中赛钢构制造现场
/zh/manufacturing-quality/,img,/images/manufacturing/real/assembly-welding-9821.jpg,True,609974,,,中赛钢构制造现场
/zh/manufacturing-quality/,img,/images/logo-official-transparent-cropped.png,True,25287,359,38,ZhongSai Steel Structure Logo
/zh/privacy/,img,/images/logo-official-transparent-cropped.png,True,25287,359,38,ZhongSai Steel Structure Logo
/zh/privacy/,img,/images/logo-official-transparent-cropped.png,True,25287,359,38,ZhongSai Steel Structure Logo
/zh/products/custom-engineering/,img,/images/logo-official-transparent-cropped.png,True,25287,359,38,ZhongSai Steel Structure Logo
/zh/products/custom-engineering/,img,/images/manufacturing/real/steel-welding-assembly-9822.jpg,True,453749,,,中赛钢构钢结构按图加工制造现场
/zh/products/custom-engineering/,img,/images/logo-official-transparent-cropped.png,True,25287,359,38,ZhongSai Steel Structure Logo
/zh/products/,img,/images/logo-official-transparent-cropped.png,True,25287,359,38,ZhongSai Steel Structure Logo
/zh/products/,img,/images/products/app-industrial-manufacturing.jpg,True,552276,,,现代大跨度工业钢结构厂房应用示意图
/zh/products/,img,/images/products/app-warehouse-logistics.jpg,True,713291,,,现代钢结构仓库与物流建筑应用示意图
/zh/products/,img,/images/products/app-agriculture-livestock.jpg,True,1354687,,,现代农业与养殖钢结构建筑应用示意图
/zh/products/,img,/images/products/app-commercial-public.jpg,True,1302515,,,现代商业与公共钢结构建筑应用示意图
/zh/products/,img,/images/products/app-transport-infrastructure.jpg,True,990731,,,钢桥梁与交通基础设施钢结构应用示意图
/zh/products/,img,/images/products/app-mining-energy.jpg,True,1213177,,,矿业与重工业钢结构设施应用示意图
/zh/products/,img,/images/products/app-special-custom.jpg,True,1118710,,,特种与定制钢结构（旋转楼梯、异形结构）应用示意图
/zh/products/,img,/images/products/06-custom-engineering.jpg,True,1447843,,,定制钢结构加工与复杂钢构件应用示意图
/zh/products/,img,/images/logo-official-transparent-cropped.png,True,25287,359,38,ZhongSai Steel Structure Logo
/zh/projects/cnooc-pr6-pipe-rack/,img,/images/logo-official-transparent-cropped.png,True,25287,359,38,ZhongSai Steel Structure Logo
/zh/projects/cnooc-pr6-pipe-rack/,img,/images/projects/cnooc-pr6-pipe-rack-frame-aerial-rendering.jpg,True,158320,1920,800,中海油PR6管廊4-SS2框架项目 项目现场
/zh/projects/cnooc-pr6-pipe-rack/,img,/images/projects/cnooc-pr6-pipe-rack-frame-aerial-rendering.jpg,True,158320,800,600,中海油PR6管廊4-SS2框架项目 - 项目现场
/zh/projects/cnooc-pr6-pipe-rack/,img,/images/projects/cnooc-pr6-pipe-rack-frame-construction-site-1.jpg,True,118877,800,600,中海油PR6管廊4-SS2框架项目 - 项目现场
/zh/projects/cnooc-pr6-pipe-rack/,img,/images/projects/cnooc-pr6-pipe-rack-frame-construction-site-2.jpg,True,114512,800,600,中海油PR6管廊4-SS2框架项目 - 项目现场
/zh/projects/cnooc-pr6-pipe-rack/,img,/images/projects/cnooc-pr6-pipe-rack-frame-detail-view.jpg,True,153839,800,600,中海油PR6管廊4-SS2框架项目 - 钢结构细节
/zh/projects/cnooc-pr6-pipe-rack/,img,/images/logo-official-transparent-cropped.png,True,25287,359,38,ZhongSai Steel Structure Logo
/zh/projects/cnpc-cracking-furnace/,img,/images/logo-official-transparent-cropped.png,True,25287,359,38,ZhongSai Steel Structure Logo
/zh/projects/cnpc-cracking-furnace/,img,/images/projects/cnpc-sixth-construction-cracking-furnace-aerial-view.jpg,True,141321,1920,800,中油六建裂解炉项目 项目现场
/zh/projects/cnpc-cracking-furnace/,img,/images/projects/cnpc-sixth-construction-cracking-furnace-aerial-view.jpg,True,141321,800,600,中油六建裂解炉项目 - 项目现场
/zh/projects/cnpc-cracking-furnace/,img,/images/projects/cnpc-sixth-construction-cracking-furnace-construction-site.jpg,True,129276,800,600,中油六建裂解炉项目 - 项目现场
/zh/projects/cnpc-cracking-furnace/,img,/images/projects/cnpc-sixth-construction-cracking-furnace-equipment-detail.jpg,True,111032,800,600,中油六建裂解炉项目 - 设备细节
/zh/projects/cnpc-cracking-furnace/,img,/images/projects/cnpc-sixth-construction-cracking-furnace-installation-view.jpg,True,100008,800,600,中油六建裂解炉项目 - 安装阶段
/zh/projects/cnpc-cracking-furnace/,img,/images/logo-official-transparent-cropped.png,True,25287,359,38,ZhongSai Steel Structure Logo
/zh/projects/cnpc-liquid-furnace/,img,/images/logo-official-transparent-cropped.png,True,25287,359,38,ZhongSai Steel Structure Logo
/zh/projects/cnpc-liquid-furnace/,img,/images/projects/cnpc-sixth-construction-liquid-furnace-aerial-view.jpg,True,198514,1920,800,中油六建液体炉项目 项目现场
/zh/projects/cnpc-liquid-furnace/,img,/images/projects/cnpc-sixth-construction-liquid-furnace-aerial-view.jpg,True,198514,800,600,中油六建液体炉项目 - 项目现场
/zh/projects/cnpc-liquid-furnace/,img,/images/projects/cnpc-sixth-construction-liquid-furnace-construction-site.jpg,True,88149,800,600,中油六建液体炉项目 - 项目现场
/zh/projects/cnpc-liquid-furnace/,img,/images/projects/cnpc-sixth-construction-liquid-furnace-equipment-detail.jpg,True,122352,800,600,中油六建液体炉项目 - 设备细节
/zh/projects/cnpc-liquid-furnace/,img,/images/projects/cnpc-sixth-construction-liquid-furnace-installation-view.jpg,True,137784,800,600,中油六建液体炉项目 - 安装阶段
/zh/projects/cnpc-liquid-furnace/,img,/images/logo-official-transparent-cropped.png,True,25287,359,38,ZhongSai Steel Structure Logo
/zh/projects/dongguan-huarun-center/,img,/images/logo-official-transparent-cropped.png,True,25287,359,38,ZhongSai Steel Structure Logo
/zh/projects/dongguan-huarun-center/,img,/images/projects/huarun-center-commercial-residential-aerial-rendering.jpg,True,123520,1920,800,东莞华润置地中心商业、住宅楼项目 项目效果图
/zh/projects/dongguan-huarun-center/,img,/images/projects/huarun-center-commercial-residential-aerial-rendering.jpg,True,123520,800,600,东莞华润置地中心商业、住宅楼项目 - 项目效果图
/zh/projects/dongguan-huarun-center/,img,/images/projects/huarun-center-commercial-residential-completed-building.jpg,True,60059,800,600,东莞华润置地中心商业、住宅楼项目 - 完工实景
/zh/projects/dongguan-huarun-center/,img,/images/projects/huarun-center-commercial-residential-construction-panorama.jpg,True,87908,800,600,东莞华润置地中心商业、住宅楼项目 - 施工全景
/zh/projects/dongguan-huarun-center/,img,/images/projects/huarun-center-commercial-residential-construction-site.jpg,True,75164,800,600,东莞华润置地中心商业、住宅楼项目 - 项目现场
/zh/projects/dongguan-huarun-center/,img,/images/projects/huarun-center-commercial-residential-steel-structure-detail.jpg,True,100401,800,600,东莞华润置地中心商业、住宅楼项目 - 钢结构细节
/zh/projects/dongguan-huarun-center/,img,/images/projects/huarun-center-commercial-residential-structure-analysis.jpg,True,62112,800,600,东莞华润置地中心商业、住宅楼项目 - 结构分析图
/zh/projects/dongguan-huarun-center/,img,/images/logo-official-transparent-cropped.png,True,25287,359,38,ZhongSai Steel Structure Logo
/zh/projects/futian-bonded-zone-customs/,img,/images/logo-official-transparent-cropped.png,True,25287,359,38,ZhongSai Steel Structure Logo
/zh/projects/futian-bonded-zone-customs/,img,/images/projects/futian-bonded-zone-customs-aerial-rendering.jpg,True,73802,1920,800,深圳福田保税区海关基础设施升级改造工程 项目效果图
/zh/projects/futian-bonded-zone-customs/,img,/images/projects/futian-bonded-zone-customs-aerial-rendering.jpg,True,73802,800,600,深圳福田保税区海关基础设施升级改造工程 - 项目效果图
/zh/projects/futian-bonded-zone-customs/,img,/images/projects/futian-bonded-zone-customs-construction-site.jpg,True,67069,800,600,深圳福田保税区海关基础设施升级改造工程 - 项目现场
/zh/projects/futian-bonded-zone-customs/,img,/images/projects/futian-bonded-zone-customs-interior-view.jpg,True,62755,800,600,深圳福田保税区海关基础设施升级改造工程 - 内部视图
/zh/projects/futian-bonded-zone-customs/,img,/images/projects/futian-bonded-zone-customs-street-view.jpg,True,84825,800,600,深圳福田保税区海关基础设施升级改造工程 - 项目模型图
/zh/projects/futian-bonded-zone-customs/,img,/images/logo-official-transparent-cropped.png,True,25287,359,38,ZhongSai Steel Structure Logo
/zh/projects/guangzhou-high-end-equipment-base/,img,/images/logo-official-transparent-cropped.png,True,25287,359,38,ZhongSai Steel Structure Logo
/zh/projects/guangzhou-high-end-equipment-base/,img,/images/projects/guangzhou-gongkong-high-end-equipment-base-aerial-rendering.jpg,True,131359,1920,800,广州工控大湾区现代高端装备研发生产基地 项目效果图
/zh/projects/guangzhou-high-end-equipment-base/,img,/images/projects/guangzhou-gongkong-high-end-equipment-base-aerial-rendering.jpg,True,131359,800,600,广州工控大湾区现代高端装备研发生产基地 - 项目效果图
/zh/projects/guangzhou-high-end-equipment-base/,img,/images/projects/guangzhou-gongkong-high-end-equipment-base-construction-site-1.jpg,True,97314,800,600,广州工控大湾区现代高端装备研发生产基地 - 项目现场
/zh/projects/guangzhou-high-end-equipment-base/,img,/images/projects/guangzhou-gongkong-high-end-equipment-base-construction-site-2.jpg,True,87111,800,600,广州工控大湾区现代高端装备研发生产基地 - 项目现场
/zh/projects/guangzhou-high-end-equipment-base/,img,/images/projects/guangzhou-gongkong-high-end-equipment-base-detail-view.jpg,True,103459,800,600,广州工控大湾区现代高端装备研发生产基地 - 钢结构细节
/zh/projects/guangzhou-high-end-equipment-base/,img,/images/logo-official-transparent-cropped.png,True,25287,359,38,ZhongSai Steel Structure Logo
/zh/projects/,img,/images/logo-official-transparent-cropped.png,True,25287,359,38,ZhongSai Steel Structure Logo
/zh/projects/,img,/images/projects/shenzhen-international-zhanjiang-logistics-port-aerial-rendering.jpg,True,198225,800,500,深国际湛江综合物流港项目
/zh/projects/,img,/images/projects/huarun-center-commercial-residential-aerial-rendering.jpg,True,123520,800,500,东莞华润置地中心商业、住宅楼项目
/zh/projects/,img,/images/projects/shanghai-baoye-xiegang-aviation-manufacturing-aerial-rendering.jpg,True,137540,800,500,上海宝冶谢岗通用航空制造及供应链项目
/zh/projects/,img,/images/projects/guangzhou-gongkong-high-end-equipment-base-aerial-rendering.jpg,True,131359,800,500,广州工控大湾区现代高端装备研发生产基地
/zh/projects/,img,/images/projects/shantou-luxshare-precision-electronics-aerial-rendering.jpg,True,224479,800,500,汕头立讯精密全球电子信息产业中心项目
/zh/projects/,img,/images/projects/futian-bonded-zone-customs-aerial-rendering.jpg,True,73802,800,500,深圳福田保税区海关基础设施升级改造工程
/zh/projects/,img,/images/projects/shenzhen-qianhai-dreamfactory-aerial-rendering.jpg,True,127700,800,500,深圳前海深港青年梦工厂项目
/zh/projects/,img,/images/projects/cnpc-sixth-construction-cracking-furnace-aerial-view.jpg,True,141321,800,500,中油六建裂解炉项目
/zh/projects/,img,/images/projects/cnpc-sixth-construction-liquid-furnace-aerial-view.jpg,True,198514,800,500,中油六建液体炉项目
/zh/projects/,img,/images/projects/guangdong-yixian-biotech-manufacturing-aerial-rendering.jpg,True,151745,800,500,广东逸仙生物科技高端制造厂房项目
/zh/projects/,img,/images/projects/luohu-mixc-commercial-skybridge-aerial-rendering.jpg,True,115740,800,500,深圳罗湖万象城商业中心天桥项目
/zh/projects/,img,/images/projects/cnooc-pr6-pipe-rack-frame-aerial-rendering.jpg,True,158320,800,500,中海油PR6管廊4-SS2框架项目
/zh/projects/,img,/images/logo-official-transparent-cropped.png,True,25287,359,38,ZhongSai Steel Structure Logo
/zh/projects/luohu-mixc-skybridge/,img,/images/logo-official-transparent-cropped.png,True,25287,359,38,ZhongSai Steel Structure Logo
/zh/projects/luohu-mixc-skybridge/,img,/images/projects/luohu-mixc-commercial-skybridge-aerial-rendering.jpg,True,115740,1920,800,深圳罗湖万象城商业中心天桥项目 项目效果图
/zh/projects/luohu-mixc-skybridge/,img,/images/projects/luohu-mixc-commercial-skybridge-aerial-rendering.jpg,True,115740,800,600,深圳罗湖万象城商业中心天桥项目 - 项目效果图
/zh/projects/luohu-mixc-skybridge/,img,/images/projects/luohu-mixc-commercial-skybridge-completed-view.jpg,True,99048,800,600,深圳罗湖万象城商业中心天桥项目 - 项目效果图
/zh/projects/luohu-mixc-skybridge/,img,/images/projects/luohu-mixc-commercial-skybridge-construction-site.jpg,True,93995,800,600,深圳罗湖万象城商业中心天桥项目 - 项目现场
/zh/projects/luohu-mixc-skybridge/,img,/images/projects/luohu-mixc-commercial-skybridge-street-view.jpg,True,116065,800,600,深圳罗湖万象城商业中心天桥项目 - 项目现场
/zh/projects/luohu-mixc-skybridge/,img,/images/logo-official-transparent-cropped.png,True,25287,359,38,ZhongSai Steel Structure Logo
/zh/projects/qianhai-dreamfactory/,img,/images/logo-official-transparent-cropped.png,True,25287,359,38,ZhongSai Steel Structure Logo
/zh/projects/qianhai-dreamfactory/,img,/images/projects/shenzhen-qianhai-dreamfactory-aerial-rendering.jpg,True,127700,1920,800,深圳前海深港青年梦工厂项目 项目效果图
/zh/projects/qianhai-dreamfactory/,img,/images/projects/shenzhen-qianhai-dreamfactory-aerial-rendering.jpg,True,127700,800,600,深圳前海深港青年梦工厂项目 - 项目效果图
/zh/projects/qianhai-dreamfactory/,img,/images/projects/shenzhen-qianhai-dreamfactory-construction-site-1.jpg,True,97880,800,600,深圳前海深港青年梦工厂项目 - 项目现场
/zh/projects/qianhai-dreamfactory/,img,/images/projects/shenzhen-qianhai-dreamfactory-construction-site-2.jpg,True,62495,800,600,深圳前海深港青年梦工厂项目 - 项目现场
/zh/projects/qianhai-dreamfactory/,img,/images/projects/shenzhen-qianhai-dreamfactory-detail-view.jpg,True,116018,800,600,深圳前海深港青年梦工厂项目 - 钢结构细节
/zh/projects/qianhai-dreamfactory/,img,/images/logo-official-transparent-cropped.png,True,25287,359,38,ZhongSai Steel Structure Logo
/zh/projects/shantou-luxshare-electronics-center/,img,/images/logo-official-transparent-cropped.png,True,25287,359,38,ZhongSai Steel Structure Logo
/zh/projects/shantou-luxshare-electronics-center/,img,/images/projects/shantou-luxshare-precision-electronics-aerial-rendering.jpg,True,224479,1920,800,汕头立讯精密全球电子信息产业中心项目 项目效果图
/zh/projects/shantou-luxshare-electronics-center/,img,/images/projects/shantou-luxshare-precision-electronics-aerial-rendering.jpg,True,224479,800,600,汕头立讯精密全球电子信息产业中心项目 - 项目效果图
/zh/projects/shantou-luxshare-electronics-center/,img,/images/projects/shantou-luxshare-precision-electronics-construction-aerial.jpg,True,128777,800,600,汕头立讯精密全球电子信息产业中心项目 - 施工航拍
/zh/projects/shantou-luxshare-electronics-center/,img,/images/projects/shantou-luxshare-precision-electronics-project-panorama.jpg,True,120719,800,600,汕头立讯精密全球电子信息产业中心项目 - 项目全景
/zh/projects/shantou-luxshare-electronics-center/,img,/images/projects/shantou-luxshare-precision-electronics-street-view.jpg,True,124099,800,600,汕头立讯精密全球电子信息产业中心项目 - 项目效果图
/zh/projects/shantou-luxshare-electronics-center/,img,/images/logo-official-transparent-cropped.png,True,25287,359,38,ZhongSai Steel Structure Logo
/zh/projects/xiegang-aviation-manufacturing/,img,/images/logo-official-transparent-cropped.png,True,25287,359,38,ZhongSai Steel Structure Logo
/zh/projects/xiegang-aviation-manufacturing/,img,/images/projects/shanghai-baoye-xiegang-aviation-manufacturing-aerial-rendering.jpg,True,137540,1920,800,上海宝冶谢岗通用航空制造及供应链项目 项目效果图
/zh/projects/xiegang-aviation-manufacturing/,img,/images/projects/shanghai-baoye-xiegang-aviation-manufacturing-aerial-rendering.jpg,True,137540,800,600,上海宝冶谢岗通用航空制造及供应链项目 - 项目效果图
/zh/projects/xiegang-aviation-manufacturing/,img,/images/projects/shanghai-baoye-xiegang-aviation-manufacturing-building-rendering.jpg,True,22857,800,600,上海宝冶谢岗通用航空制造及供应链项目 - 建筑效果图
/zh/projects/xiegang-aviation-manufacturing/,img,/images/projects/shanghai-baoye-xiegang-aviation-manufacturing-construction-site-1.jpg,True,126705,800,600,上海宝冶谢岗通用航空制造及供应链项目 - 项目现场
/zh/projects/xiegang-aviation-manufacturing/,img,/images/projects/shanghai-baoye-xiegang-aviation-manufacturing-construction-site-2.jpg,True,114154,800,600,上海宝冶谢岗通用航空制造及供应链项目 - 项目现场
/zh/projects/xiegang-aviation-manufacturing/,img,/images/projects/shanghai-baoye-xiegang-aviation-manufacturing-detail-view.jpg,True,166551,800,600,上海宝冶谢岗通用航空制造及供应链项目 - 钢结构细节
/zh/projects/xiegang-aviation-manufacturing/,img,/images/logo-official-transparent-cropped.png,True,25287,359,38,ZhongSai Steel Structure Logo
/zh/projects/yixian-biotech-manufacturing/,img,/images/logo-official-transparent-cropped.png,True,25287,359,38,ZhongSai Steel Structure Logo
/zh/projects/yixian-biotech-manufacturing/,img,/images/projects/guangdong-yixian-biotech-manufacturing-aerial-rendering.jpg,True,151745,1920,800,广东逸仙生物科技高端制造厂房项目 项目效果图
/zh/projects/yixian-biotech-manufacturing/,img,/images/projects/guangdong-yixian-biotech-manufacturing-aerial-rendering.jpg,True,151745,800,600,广东逸仙生物科技高端制造厂房项目 - 项目效果图
/zh/projects/yixian-biotech-manufacturing/,img,/images/projects/guangdong-yixian-biotech-manufacturing-construction-site-1.jpg,True,85381,800,600,广东逸仙生物科技高端制造厂房项目 - 项目现场
/zh/projects/yixian-biotech-manufacturing/,img,/images/projects/guangdong-yixian-biotech-manufacturing-construction-site-2.jpg,True,76490,800,600,广东逸仙生物科技高端制造厂房项目 - 项目现场
/zh/projects/yixian-biotech-manufacturing/,img,/images/projects/guangdong-yixian-biotech-manufacturing-detail-view.jpg,True,127058,800,600,广东逸仙生物科技高端制造厂房项目 - 钢结构细节
/zh/projects/yixian-biotech-manufacturing/,img,/images/logo-official-transparent-cropped.png,True,25287,359,38,ZhongSai Steel Structure Logo
/zh/projects/zhanjiang-logistics-port/,img,/images/logo-official-transparent-cropped.png,True,25287,359,38,ZhongSai Steel Structure Logo
/zh/projects/zhanjiang-logistics-port/,img,/images/projects/shenzhen-international-zhanjiang-logistics-port-aerial-rendering.jpg,True,198225,1920,800,深国际湛江综合物流港项目 项目效果图
/zh/projects/zhanjiang-logistics-port/,img,/images/projects/shenzhen-international-zhanjiang-logistics-port-aerial-rendering.jpg,True,198225,800,600,深国际湛江综合物流港项目 - 项目效果图
/zh/projects/zhanjiang-logistics-port/,img,/images/projects/shenzhen-international-zhanjiang-logistics-port.jpg,True,901742,800,600,深国际湛江综合物流港项目 - 项目效果图
/zh/projects/zhanjiang-logistics-port/,img,/images/projects/shenzhen-international-zhanjiang-logistics-port-construction-site-1.jpg,True,82968,800,600,深国际湛江综合物流港项目 - 项目现场
/zh/projects/zhanjiang-logistics-port/,img,/images/projects/shenzhen-international-zhanjiang-logistics-port-construction-site-2.jpg,True,102506,800,600,深国际湛江综合物流港项目 - 项目现场
/zh/projects/zhanjiang-logistics-port/,img,/images/projects/shenzhen-international-zhanjiang-logistics-port-structure-analysis-2.jpg,True,129027,800,600,深国际湛江综合物流港项目 - 结构分析图
/zh/projects/zhanjiang-logistics-port/,img,/images/logo-official-transparent-cropped.png,True,25287,359,38,ZhongSai Steel Structure Logo
/zh/services/structural-steel-detailing/,img,/images/logo-official-transparent-cropped.png,True,25287,359,38,ZhongSai Steel Structure Logo
/zh/services/structural-steel-detailing/,img,/images/components/finished-steel-beams-columns.jpg,True,672339,,,钢梁钢柱钢结构深化设计
/zh/services/structural-steel-detailing/,img,/images/manufacturing/real/steel-welding-assembly-9822.jpg,True,453749,,,加工图支持数控切割和焊接制造
/zh/services/structural-steel-detailing/,img,/images/components/complex-steel-truss-fabrication.jpg,True,434430,,,按深化加工图制造的复杂钢构件
/zh/services/structural-steel-detailing/,img,/images/logo-official-transparent-cropped.png,True,25287,359,38,ZhongSai Steel Structure Logo
/zh/solutions/,img,/images/logo-official-transparent-cropped.png,True,25287,359,38,ZhongSai Steel Structure Logo
/zh/solutions/,img,/images/logo-official-transparent-cropped.png,True,25287,359,38,ZhongSai Steel Structure Logo
/zh/steel-mining-factory/,img,/images/logo-official-transparent-cropped.png,True,25287,359,38,ZhongSai Steel Structure Logo
/zh/steel-mining-factory/,img,/images/manufacturing/real/welding-9820.jpg,True,475969,,,中赛重型钢构件制造加工
/zh/steel-mining-factory/,img,/images/container-loading.jpg,True,256404,,,钢结构出口装柜
/zh/steel-mining-factory/,img,/images/logo-official-transparent-cropped.png,True,25287,359,38,ZhongSai Steel Structure Logo
/zh/steel-supermarket-mall/,img,/images/logo-official-transparent-cropped.png,True,25287,359,38,ZhongSai Steel Structure Logo
/zh/steel-supermarket-mall/,img,/images/logo-official-transparent-cropped.png,True,25287,359,38,ZhongSai Steel Structure Logo
/zh/steel-warehouse/,img,/images/logo-official-transparent-cropped.png,True,25287,359,38,ZhongSai Steel Structure Logo
/zh/steel-warehouse/,img,/images/company/factory-yard-gantry-crane.jpg,True,407382,,,中赛钢构钢结构仓库仓储空间
/zh/steel-warehouse/,img,/images/products/06-custom-engineering.jpg,True,1447843,,,钢结构仓库屋面墙面围护系统
/zh/steel-warehouse/,img,/images/logo-official-transparent-cropped.png,True,25287,359,38,ZhongSai Steel Structure Logo
/zh/steel-workshop/,img,/images/logo-official-transparent-cropped.png,True,25287,359,38,ZhongSai Steel Structure Logo
/zh/steel-workshop/,img,/images/company/factory-interior-production.jpg,True,742041,,,中赛钢构工业厂房生产空间
/zh/steel-workshop/,img,/images/products/06-custom-engineering.jpg,True,1447843,,,钢结构屋面墙面围护系统
/zh/steel-workshop/,img,/images/logo-official-transparent-cropped.png,True,25287,359,38,ZhongSai Steel Structure Logo
/zh/terms/,img,/images/logo-official-transparent-cropped.png,True,25287,359,38,ZhongSai Steel Structure Logo
/zh/terms/,img,/images/logo-official-transparent-cropped.png,True,25287,359,38,ZhongSai Steel Structure Logo
