网址,上次抓取日期,状态
https://zhongsai-steelstructure.com/zh/countries/Thailand,2026-09-05,待定
https://zhongsai-steelstructure.com/en/products/materials/privacy.html,2026-09-05,待定
https://zhongsai-steelstructure.com/zh/blog/q355b-vs-q235b-steel-grade-comparison.html,2026-09-05,待定
https://zhongsai-steelstructure.com/en/products/privacy.html,2026-09-05,待定
https://zhongsai-steelstructure.com/zh/blog/prefab-steel-building-installation-guide,2026-09-05,待定
https://zhongsai-steelstructure.com/en/products/materials/cz-purlin.html,2026-09-05,待定
https://zhongsai-steelstructure.com/en/products/zh/shipments.html,2026-09-05,待定
https://zhongsai-steelstructure.com/products/steel-equipment-platform.html,2026-09-05,待定
https://zhongsai-steelstructure.com/en/countries/sitemap.xml,2026-09-05,待定
https://zhongsai-steelstructure.com/zh/projects/privacy.html,2026-09-05,待定
https://zhongsai-steelstructure.com/en/projects/vietnam-logistics-center,2026-09-05,待定
https://zhongsai-steelstructure.com/en/blog/gangjiegou-chukou-feizhou-quanliucheng,2026-09-05,待定
https://zhongsai-steelstructure.com/countries/uae.html,2026-09-05,待定
https://zhongsai-steelstructure.com/zh/countries/Philippines,2026-09-05,待定
https://zhongsai-steelstructure.com/zh/projects/contact.html,2026-09-05,待定
https://zhongsai-steelstructure.com/zh/products/materials/coating-system,2026-09-05,待定
https://zhongsai-steelstructure.com/en/blog/products/steel-structure-supplier-mexico-guide.html,2026-09-05,待定
https://zhongsai-steelstructure.com/zh/countries/bangladesh,2026-09-05,待定
https://zhongsai-steelstructure.com/blog/prefab-steel-factory-building-cost-guide.html,2026-09-04,待定
https://zhongsai-steelstructure.com/zh/countries/South Africa,2026-09-04,待定
https://zhongsai-steelstructure.com/zh/steel-building-solutions/blog/index.html,2026-09-04,待定
https://zhongsai-steelstructure.com/en/countries/zh/contact.html,2026-09-04,待定
https://zhongsai-steelstructure.com/en/countries/en/products.html,2026-09-04,待定
https://zhongsai-steelstructure.com/zh/blog/steel-structure-export-packaging-container-loading-guide,2026-09-04,待定
https://zhongsai-steelstructure.com/countries/south-africa.html,2026-09-04,待定
https://zhongsai-steelstructure.com/zh/blog/steel-structure-vs-concrete-comparison,2026-09-04,待定
https://zhongsai-steelstructure.com/products/steel-school-building.html,2026-09-04,待定
https://zhongsai-steelstructure.com/zh/products/materials/terms.html,2026-09-04,待定
https://zhongsai-steelstructure.com/zh/blog/how-to-import-steel-structure-from-china-to-africa,2026-09-04,待定
https://zhongsai-steelstructure.com/en/countries/en/terms.html,2026-09-04,待定
https://zhongsai-steelstructure.com/countries/malaysia.html,2026-09-04,待定
https://zhongsai-steelstructure.com/en/countries/Mexico,2026-09-04,待定
https://zhongsai-steelstructure.com/steel-buildings.html,2026-09-04,待定
https://zhongsai-steelstructure.com/products/commercial-public.html,2026-09-04,待定
https://zhongsai-steelstructure.com/en/blog/steel-workshop-cost-factory-building-price.html,2026-09-04,待定
https://zhongsai-steelstructure.com/blog/how-to-choose-steel-structure-manufacturer-china.html,2026-09-04,待定
https://zhongsai-steelstructure.com/en/blog/how-much-does-steel-structure-warehouse-cost.html,2026-09-04,待定
https://zhongsai-steelstructure.com/zh/projects/terms.html,2026-09-04,待定
https://zhongsai-steelstructure.com/zh/steel-buildings.html,2026-09-04,待定
https://zhongsai-steelstructure.com/en/countries/Thailand,2026-09-04,待定
https://zhongsai-steelstructure.com/en/countries/Malaysia,2026-09-03,待定
https://zhongsai-steelstructure.com/zh/countries/Malaysia,2026-09-03,待定
https://zhongsai-steelstructure.com/countries/en/index.html,2026-09-03,待定
https://zhongsai-steelstructure.com/zh/countries/Mexico,2026-09-03,待定
https://zhongsai-steelstructure.com/zh/blog/prefab-steel-building-roof-systems-comparison,2026-09-03,待定
https://zhongsai-steelstructure.com/en/blog/gangjiegou-anzhuang-zhinan-haiwai,2026-09-03,待定
https://zhongsai-steelstructure.com/zh/countries/Brazil,2026-09-03,待定
https://zhongsai-steelstructure.com/blog/steel-structure-corrosion-protection-guide.html,2026-09-03,待定
https://zhongsai-steelstructure.com/en/blog/products/steel-structure-supplier-saudi-arabia-guide.html,2026-09-02,待定
https://zhongsai-steelstructure.com/en/countries/Brazil,2026-08-31,待定
https://zhongsai-steelstructure.com/countries/peru.html,2026-08-30,待定
https://zhongsai-steelstructure.com/countries/brazil.html,2026-08-30,待定
https://zhongsai-steelstructure.com/blog/steel-structure-supplier-philippines-guide.html,2026-08-30,待定
https://zhongsai-steelstructure.com/projects/ethiopia-textile-factory.html,2026-08-30,待定
https://zhongsai-steelstructure.com/products/steel-office-building.html,2026-08-30,待定
https://zhongsai-steelstructure.com/zh/solutions/agriculture.html,2026-08-30,待定
https://zhongsai-steelstructure.com/en/products/terms.html,2026-08-30,待定
https://zhongsai-steelstructure.com/en/blog/products/steel-workshop-cost-factory-building-price.html,2026-08-30,待定
https://zhongsai-steelstructure.com/products/steel-sports-arena.html,2026-08-30,待定
https://zhongsai-steelstructure.com/products/steel-warehouse.html,2026-08-30,待定
https://zhongsai-steelstructure.com/steel-building-solutions/energy.html,2026-08-30,待定
https://zhongsai-steelstructure.com/projects/china-huarun-center.html,2026-08-30,待定
https://zhongsai-steelstructure.com/products/structural-steel-components.html,2026-08-30,待定
https://zhongsai-steelstructure.com/steel-building-solutions/agriculture.html,2026-08-30,待定
https://zhongsai-steelstructure.com/en/zh/steel-equipment-platform.html,2026-08-30,待定
https://zhongsai-steelstructure.com/countries/index.html,2026-08-30,待定
https://zhongsai-steelstructure.com/solutions/commercial.html,2026-08-30,待定
https://zhongsai-steelstructure.com/services/steel-structure-export.html,2026-08-30,待定
https://zhongsai-steelstructure.com/products/materials.html,2026-08-30,待定
https://zhongsai-steelstructure.com/solutions/mining.html,2026-08-30,待定
https://zhongsai-steelstructure.com/projects/nigeria-logistics-warehouse.html,2026-08-30,待定
https://zhongsai-steelstructure.com/products/custom-engineering.html,2026-08-30,待定
https://zhongsai-steelstructure.com/steel-building-solutions/manufacturing.html,2026-08-30,待定
https://zhongsai-steelstructure.com/blog/steel-structure-design-standards-guide.html,2026-08-30,待定
https://zhongsai-steelstructure.com/projects/vietnam-logistics-center.html,2026-08-30,待定
https://zhongsai-steelstructure.com/solutions/agriculture.html,2026-08-30,待定
https://zhongsai-steelstructure.com/services/structural-steel-detailing.html,2026-08-30,待定
https://zhongsai-steelstructure.com/products/steel-workshop.html,2026-08-30,待定
https://zhongsai-steelstructure.com/countries/ethiopia.html,2026-08-30,待定
https://zhongsai-steelstructure.com/blog/q355b-vs-q235b-steel-grade-comparison.html,2026-08-30,待定
"https://zhongsai-steelstructure.com/en/projects/South 
Africa-mining-steel-structure.html",2026-08-29,待定
https://zhongsai-steelstructure.com/en/blog/zhongguo-gangjiegou-changjia-paiming.html,2026-08-29,待定
https://zhongsai-steelstructure.com/zh/countries/South Africa.html,2026-08-29,待定
https://zhongsai-steelstructure.com/en/blog/gangjiegou-changfang-zaojia-zhinan.html,2026-08-29,待定
https://zhongsai-steelstructure.com/en/zh/steel-workshop-processing.html,2026-08-29,待定
https://zhongsai-steelstructure.com/en/projects/Philippines-mining-steel-structure.html,2026-08-29,待定
https://zhongsai-steelstructure.com/blog/products/industrial.html,2026-08-29,待定
https://zhongsai-steelstructure.com/en/products/about.html,2026-08-29,待定
https://zhongsai-steelstructure.com/en/steel-buildings.html,2026-08-29,待定
https://zhongsai-steelstructure.com/zh/blog/products/steel-warehouse-supplier-nigeria-guide.html,2026-08-29,待定
https://zhongsai-steelstructure.com/en/projects/Mexico-mining-steel-structure.html,2026-08-29,待定
https://zhongsai-steelstructure.com/zh/steel-building-solutions/en/index.html,2026-08-29,待定
https://zhongsai-steelstructure.com/zh/zh/blog/index.html,2026-08-29,待定
https://zhongsai-steelstructure.com/zh/zh/en/index.html,2026-08-29,待定
https://zhongsai-steelstructure.com/en/zh/en/index.html,2026-08-29,待定
https://zhongsai-steelstructure.com/zh/steel-building-solutions/products.html,2026-08-29,待定
https://zhongsai-steelstructure.com/zh/blog/products/steel-structure-cost-per-square-meter.html,2026-08-29,待定
https://zhongsai-steelstructure.com/zh/steel-building-solutions/contact.html,2026-08-29,待定
https://zhongsai-steelstructure.com/en/zh/products.html,2026-08-29,待定
https://zhongsai-steelstructure.com/zh/steel-building-solutions/privacy.html,2026-08-29,待定
https://zhongsai-steelstructure.com/en/steel-building-solutions/terms.html,2026-08-29,待定
https://zhongsai-steelstructure.com/en/zh/projects.html,2026-08-29,待定