topic,primary_keyword,secondary_keywords,language,intent,customer_stage,content_type,pillar,target_product,related_project,business_value,seo_opportunity,geo_opportunity,evidence_available,priority,status,target_url
What Information Is Needed for a Steel Structure Quotation?,what information needed for steel structure quotation,quotation requirements, project parameters, design inputs,en,Transactional Support,Quotation,Guide,Quotation Cluster,All Products,General,HIGH,HIGH,HIGH,TRUE,P0,PLANNED,/en/resources/steel-structure-quotation-requirements/
Steel Workshop Cost: What Buyers Need to Know,steel workshop cost,workshop pricing factors, cost calculation, industrial building cost,en,Informational,Research,Cost Guide,Steel Workshop Cluster,Steel Workshop,Xiegang Aviation,HIGH,HIGH,HIGH,TRUE,P0,PLANNED,/en/resources/steel-workshop-cost/
How to Verify a Steel Structure Factory in China,how to verify steel structure factory China,factory audit, supplier verification, factory visit,en,Commercial Investigation,Supplier Verification,Guide,China Supplier Cluster,Homepage / Manufacturing,General,HIGH,HIGH,HIGH,TRUE,P0,PLANNED,/en/resources/steel-structure-factory-verification/
Steel Structure Quality Inspection Checklist,steel structure quality inspection checklist,welding inspection, dimensional check, NDT,en,Informational,Supplier Verification,Checklist,Quality Cluster,Manufacturing & Quality,General,MEDIUM,HIGH,HIGH,TRUE,P1,PLANNED,/en/resources/steel-structure-quality-inspection-checklist/
What Documents Should a Steel Structure Supplier Provide?,what documents should steel structure supplier provide,export documents, mill certificate, inspection records,en,Commercial Investigation,Quotation,Guide,Import Cluster,Export Delivery,General,HIGH,HIGH,HIGH,TRUE,P1,PLANNED,/en/resources/steel-structure-supplier-documents/
Steel Structure Installation Process,steel structure installation process,erection sequence, column installation, bolt installation,en,Post-purchase,Installation,Guide,Installation Cluster,All Products,General,MEDIUM,MEDIUM,HIGH,TRUE,P1,PLANNED,/en/resources/steel-structure-installation-process/
Steel Structure Painting vs Galvanizing,steel structure painting vs galvanizing,surface treatment, corrosion protection, coating comparison,en,Informational,Research,Comparison,Manufacturing Cluster,All Products,General,MEDIUM,HIGH,HIGH,TRUE,P1,PLANNED,/en/resources/painting-vs-galvanizing/
Steel Warehouse vs Concrete Warehouse,steel warehouse vs concrete warehouse,steel vs concrete, warehouse comparison, cost comparison,en,Commercial Investigation,Comparison,Comparison,Steel Warehouse Cluster,Steel Warehouse,Zhanjiang Logistics,HIGH,HIGH,HIGH,TRUE,P1,PLANNED,/en/resources/steel-warehouse-vs-concrete/
Common Mistakes When Buying Steel Structures from China,common mistakes buying steel structures from China,import mistakes, sourcing errors, supplier pitfalls,en,Commercial Investigation,Supplier Verification,Guide,China Supplier Cluster,All Products,General,HIGH,HIGH,HIGH,TRUE,P1,PLANNED,/en/resources/steel-structure-sourcing-mistakes/
How to Compare Steel Structure Supplier Quotations,how to compare steel structure supplier quotations,quote comparison, quotation analysis, price breakdown,en,Transactional Support,Quotation,Guide,Quotation Cluster,All Products,General,HIGH,HIGH,HIGH,TRUE,P1,PLANNED,/en/resources/compare-steel-structure-quotations/
How to Choose a Steel Structure Manufacturer in China,how to choose steel structure manufacturer China,supplier selection, factory audit, manufacturer vs trading,en,Commercial Investigation,Supplier Verification,Guide,China Supplier Cluster,Homepage / About / Manufacturing,General,HIGH,HIGH,HIGH,TRUE,P0,LIVE,/en/blog/how-to-choose-steel-structure-supplier/
How to Import Steel Structure from China,how to import steel structure from China,import process, shipping documents, customs,en,Commercial Investigation,Purchase,Guide,Import Cluster,Export Delivery,General,HIGH,HIGH,HIGH,TRUE,P0,LIVE,/en/blog/how-to-import-steel-structure-from-china-complete-guide/
Steel Warehouse Cost: Key Factors,steel warehouse cost,warehouse pricing, cost factors,en,Informational,Research,Cost Guide,Steel Warehouse Cluster,Steel Warehouse,Zhanjiang Logistics,HIGH,HIGH,HIGH,TRUE,P0,LIVE,/en/blog/steel-warehouse-cost-complete-guide/
Steel Structure Container Loading Guide,steel structure container loading guide,container loading, packing, 40HQ,en,Informational,Purchase,Guide,Import Cluster,Export Delivery,General,HIGH,HIGH,HIGH,TRUE,P1,LIVE,/en/blog/steel-structure-container-loading-guide/
Shipping Cost Steel Structure from China,shipping cost steel structure from China,sea freight, shipping factors,en,Informational,Purchase,Cost Guide,Import Cluster,Export Delivery,General,MEDIUM,MEDIUM,MEDIUM,TRUE,P2,LIVE,/en/blog/shipping-cost-steel-structure-from-china/
Import Steel Structure to Africa,import steel structure to Africa,Africa import, shipping to Africa,en,Commercial Investigation,Purchase,Guide,Import Cluster,Export Delivery,General,MEDIUM,MEDIUM,MEDIUM,TRUE,P2,LIVE,/en/blog/how-to-import-steel-structure-from-china-to-africa/
钢结构厂房造价指南,钢结构厂房造价,钢结构成本, 报价因素,zh,Informational,Research,Cost Guide,Steel Workshop Cluster,Steel Workshop,General,HIGH,HIGH,HIGH,TRUE,P0,LIVE,/zh/blog/gangjiegou-changfang-zaojia-zhinan/
钢结构工厂选择指南,钢结构工厂选择,钢结构厂家选择, 工厂验证,zh,Commercial Investigation,Supplier Verification,Guide,China Supplier Cluster,Homepage / Manufacturing,General,HIGH,HIGH,HIGH,TRUE,P0,LIVE,/zh/blog/gangjiegou-gongchang-xuanze-zhinan/
