page,link,issue
https://zhongsai-steelstructure.com/en/,https://zhongsai-steelstructure.com/cdn-cgi/l/email-protection#8bf1e3e4e5ecf8eae2eceae5ecece4fecbece6eae2e7a5e8e4e6,Internal link to non-canonical (no trailing slash)
https://zhongsai-steelstructure.com/en/contact/,https://zhongsai-steelstructure.com/cdn-cgi/l/email-protection#344e5c5b5a5347555d53555a53535b41745359555d581a575b59,Internal link to non-canonical (no trailing slash)
https://zhongsai-steelstructure.com/en/privacy/,https://zhongsai-steelstructure.com/cdn-cgi/l/email-protection,Internal link to non-canonical (no trailing slash)
https://zhongsai-steelstructure.com/en/terms/,https://zhongsai-steelstructure.com/cdn-cgi/l/email-protection,Internal link to non-canonical (no trailing slash)
https://zhongsai-steelstructure.com/en/projects/zhanjiang-logistics-port/,https://zhongsai-steelstructure.com/en/projects,Internal link to non-canonical (no trailing slash)
https://zhongsai-steelstructure.com/en/projects/dongguan-huarun-center/,https://zhongsai-steelstructure.com/en/projects,Internal link to non-canonical (no trailing slash)
https://zhongsai-steelstructure.com/en/projects/xiegang-aviation-manufacturing/,https://zhongsai-steelstructure.com/en/projects,Internal link to non-canonical (no trailing slash)
https://zhongsai-steelstructure.com/en/projects/guangzhou-high-end-equipment-base/,https://zhongsai-steelstructure.com/en/projects,Internal link to non-canonical (no trailing slash)
https://zhongsai-steelstructure.com/en/projects/shantou-luxshare-electronics-center/,https://zhongsai-steelstructure.com/en/projects,Internal link to non-canonical (no trailing slash)
https://zhongsai-steelstructure.com/en/projects/futian-bonded-zone-customs/,https://zhongsai-steelstructure.com/en/projects,Internal link to non-canonical (no trailing slash)
https://zhongsai-steelstructure.com/en/projects/qianhai-dreamfactory/,https://zhongsai-steelstructure.com/en/projects,Internal link to non-canonical (no trailing slash)
https://zhongsai-steelstructure.com/en/projects/cnpc-cracking-furnace/,https://zhongsai-steelstructure.com/en/projects,Internal link to non-canonical (no trailing slash)
https://zhongsai-steelstructure.com/en/projects/cnpc-liquid-furnace/,https://zhongsai-steelstructure.com/en/projects,Internal link to non-canonical (no trailing slash)
https://zhongsai-steelstructure.com/en/projects/yixian-biotech-manufacturing/,https://zhongsai-steelstructure.com/en/projects,Internal link to non-canonical (no trailing slash)
https://zhongsai-steelstructure.com/en/projects/luohu-mixc-skybridge/,https://zhongsai-steelstructure.com/en/projects,Internal link to non-canonical (no trailing slash)
https://zhongsai-steelstructure.com/en/projects/cnooc-pr6-pipe-rack/,https://zhongsai-steelstructure.com/en/projects,Internal link to non-canonical (no trailing slash)
https://zhongsai-steelstructure.com/en/projects/singapore-cr101-depot/,https://zhongsai-steelstructure.com/en/projects,Internal link to non-canonical (no trailing slash)
https://zhongsai-steelstructure.com/en/projects/singapore-j102-mrt-station/,https://zhongsai-steelstructure.com/en/projects,Internal link to non-canonical (no trailing slash)
https://zhongsai-steelstructure.com/en/projects/singapore-j107-mrt-station/,https://zhongsai-steelstructure.com/en/projects,Internal link to non-canonical (no trailing slash)
https://zhongsai-steelstructure.com/en/projects/macau-londoner/,https://zhongsai-steelstructure.com/en/projects,Internal link to non-canonical (no trailing slash)
https://zhongsai-steelstructure.com/en/projects/macau-city-of-dreams-phase2/,https://zhongsai-steelstructure.com/en/projects,Internal link to non-canonical (no trailing slash)
https://zhongsai-steelstructure.com/en/projects/singapore-sats-bup-centre/,https://zhongsai-steelstructure.com/en/projects,Internal link to non-canonical (no trailing slash)
https://zhongsai-steelstructure.com/en/projects/singapore-mcc-innocentre/,https://zhongsai-steelstructure.com/en/projects,Internal link to non-canonical (no trailing slash)
https://zhongsai-steelstructure.com/en/projects/singapore-airport-t2-connect/,https://zhongsai-steelstructure.com/en/projects,Internal link to non-canonical (no trailing slash)
