canonical_url,alternate_url,canonical_status,alternate_status,redirect_target,canonical_tag,title,h1,content_hash,alternate_content_hash,issue,action
﻿https://zhongsai-steelstructure.com/en/,://﻿https://zhongsai-steelstructure.com/en,ERROR,ERROR,,,,,,,slash版本状态=ERROR; non-slash版本状态=ERROR,FIX
https://zhongsai-steelstructure.com/en/products/,https://zhongsai-steelstructure.com/en/products,200,308,/en/products/,https://zhongsai-steelstructure.com/en/products/,"Steel Structure Solutions by Application | Industrial, Warehouse, Agriculture, Commercial | ZhongSai",Steel Structure Solutionsby Building Application,e3527b2f1df0,,non-slash版本状态=308,REVIEW
https://zhongsai-steelstructure.com/en/products/custom-engineering/,https://zhongsai-steelstructure.com/en/products/custom-engineering,200,308,/en/products/custom-engineering/,https://zhongsai-steelstructure.com/en/products/custom-engineering/,Structural Steel Fabrication in China | Custom Fabrication | ZhongSai,Structural Steel Fabrication in China for Overseas Projects,dc2b434fa267,,non-slash版本状态=308,REVIEW
https://zhongsai-steelstructure.com/en/components/,https://zhongsai-steelstructure.com/en/components,200,308,/en/components/,https://zhongsai-steelstructure.com/en/components/,"Steel Components &amp; Cladding Systems | Beams, Columns, Trusses, Purlins | ZhongSai",Custom Steel Components &Cladding Systems to Drawings,274d391481c4,,non-slash版本状态=308,REVIEW
https://zhongsai-steelstructure.com/en/components/fabricated-steel-beams-columns/,https://zhongsai-steelstructure.com/en/components/fabricated-steel-beams-columns,200,308,/en/components/fabricated-steel-beams-columns/,https://zhongsai-steelstructure.com/en/components/fabricated-steel-beams-columns/,Fabricated Steel Beams &amp; Columns | Custom Steel Fabrication | ZhongSai,Fabricated Steel Beams & Columns to Project Drawings,f3de3d313b0b,,non-slash版本状态=308,REVIEW
https://zhongsai-steelstructure.com/en/components/roof-wall-cladding-systems/,https://zhongsai-steelstructure.com/en/components/roof-wall-cladding-systems,200,308,/en/components/roof-wall-cladding-systems/,https://zhongsai-steelstructure.com/en/components/roof-wall-cladding-systems/,Steel Roof &amp; Wall Cladding Systems | ZhongSai,Steel Roof & Wall Cladding Systems for Steel Buildings,65166d3f866c,,non-slash版本状态=308,REVIEW
https://zhongsai-steelstructure.com/en/components/steel-trusses/,https://zhongsai-steelstructure.com/en/components/steel-trusses,200,308,/en/components/steel-trusses/,https://zhongsai-steelstructure.com/en/components/steel-trusses/,"Steel Trusses | Roof Trusses, Pipe Trusses &amp; Transfer Trusses Fabricated to Drawings | ZhongSai",Custom Steel TrussesFabricated to Drawings,5a46678eb765,,non-slash版本状态=308,REVIEW
https://zhongsai-steelstructure.com/en/components/steel-purlins/,https://zhongsai-steelstructure.com/en/components/steel-purlins,200,308,/en/components/steel-purlins/,https://zhongsai-steelstructure.com/en/components/steel-purlins/,Steel Purlins | C Purlins &amp; Z Purlins Cold-Formed for Roof and Wall | ZhongSai,C Purlins & Z PurlinsCold-Formed to Project Specs,d1def2f1ac8a,,non-slash版本状态=308,REVIEW
https://zhongsai-steelstructure.com/en/manufacturing-quality/,https://zhongsai-steelstructure.com/en/manufacturing-quality,200,308,/en/manufacturing-quality/,https://zhongsai-steelstructure.com/en/manufacturing-quality/,Steel Structure Manufacturing &amp; Quality Control | ZhongSai,Steel Structure Manufacturing& Quality Control,0a0f581cd2f2,,non-slash版本状态=308,REVIEW
https://zhongsai-steelstructure.com/en/steel-workshop/,https://zhongsai-steelstructure.com/en/steel-workshop,200,308,/en/steel-workshop/,https://zhongsai-steelstructure.com/en/steel-workshop/,Steel Structure Workshop | Industrial Factory Building | ZhongSai,Steel Structure Workshop for Industrial Manufacturing Projects,15e7c085a417,,non-slash版本状态=308,REVIEW
https://zhongsai-steelstructure.com/en/steel-warehouse/,https://zhongsai-steelstructure.com/en/steel-warehouse,200,308,/en/steel-warehouse/,https://zhongsai-steelstructure.com/en/steel-warehouse/,Steel Structure Warehouse | Prefabricated Warehouse Building | ZhongSai,Steel Structure Warehouse & Logistics Building,3ef624272ea4,,non-slash版本状态=308,REVIEW
https://zhongsai-steelstructure.com/en/steel-mining-factory/,https://zhongsai-steelstructure.com/en/steel-mining-factory,200,308,/en/steel-mining-factory/,https://zhongsai-steelstructure.com/en/steel-mining-factory/,Steel Structures for Mining &amp; Heavy Industrial Projects | ZhongSai,Steel Structures for Mining & Heavy Industrial Applications,3f97864b93e9,,non-slash版本状态=308,REVIEW
https://zhongsai-steelstructure.com/en/services/structural-steel-detailing/,https://zhongsai-steelstructure.com/en/services/structural-steel-detailing,200,308,/en/services/structural-steel-detailing/,https://zhongsai-steelstructure.com/en/services/structural-steel-detailing/,Structural Steel Detailing Services | Shop &amp; Fabrication Drawings | ZhongSai,Structural Steel Detailing Services for Fabrication,c7bf13db8e01,,non-slash版本状态=308,REVIEW
https://zhongsai-steelstructure.com/en/engineering-design/,https://zhongsai-steelstructure.com/en/engineering-design,200,308,/en/engineering-design/,https://zhongsai-steelstructure.com/en/engineering-design/,Steel Building Design Services | Engineering for Fabrication | ZhongSai,Steel Building Design Services for Fabrication & Export Projects,45dfe6140f6b,,non-slash版本状态=308,REVIEW
https://zhongsai-steelstructure.com/en/about/,https://zhongsai-steelstructure.com/en/about,200,308,/en/about/,https://zhongsai-steelstructure.com/en/about/,About ZhongSai Steel Structure | Steel Structure Manufacturing &amp; Export,Steel Structure Manufacturing for Overseas Projects,dc3776708ca5,,non-slash版本状态=308,REVIEW
https://zhongsai-steelstructure.com/en/contact/,https://zhongsai-steelstructure.com/en/contact,200,308,/en/contact/,https://zhongsai-steelstructure.com/en/contact/,Contact ZhongSai Steel Structure | Project Inquiry &amp; Quote,Send Your Steel Structure Project Requirements,177cd42e4c04,,non-slash版本状态=308,REVIEW
https://zhongsai-steelstructure.com/en/export-delivery/,https://zhongsai-steelstructure.com/en/export-delivery,200,308,/en/export-delivery/,https://zhongsai-steelstructure.com/en/export-delivery/,"Steel Structure Export from China | Packing, Loading &amp; Delivery Support",Steel Structure Export Supply from China,ea3d6d320051,,non-slash版本状态=308,REVIEW
https://zhongsai-steelstructure.com/en/privacy/,https://zhongsai-steelstructure.com/en/privacy,200,308,/en/privacy/,https://zhongsai-steelstructure.com/en/privacy/,Privacy Policy | ZhongSai Steel Structure,Privacy Policy,2f834b5bf0be,,non-slash版本状态=308,REVIEW
https://zhongsai-steelstructure.com/en/terms/,https://zhongsai-steelstructure.com/en/terms,200,308,/en/terms/,https://zhongsai-steelstructure.com/en/terms/,Terms of Use | ZhongSai Steel Structure,Terms of Use,5c4263b690a0,,non-slash版本状态=308,REVIEW
https://zhongsai-steelstructure.com/en/projects/,https://zhongsai-steelstructure.com/en/projects,200,308,/en/projects/,https://zhongsai-steelstructure.com/en/projects/,Selected Steel Structure Projects | ZhongSai Manufacturing References,Selected Steel Structure Projects,794116340221,,non-slash版本状态=308,REVIEW
https://zhongsai-steelstructure.com/en/projects/zhanjiang-logistics-port/,https://zhongsai-steelstructure.com/en/projects/zhanjiang-logistics-port,200,308,/en/projects/zhanjiang-logistics-port/,https://zhongsai-steelstructure.com/en/projects/zhanjiang-logistics-port/,Shenzhen International Zhanjiang Comprehensive Logistics Port Project | ZhongSai Steel Structure Pro,Shenzhen International Zhanjiang Comprehensive Logistics Port Project,98b5d7ca7a5d,,non-slash版本状态=308,REVIEW
https://zhongsai-steelstructure.com/en/projects/dongguan-huarun-center/,https://zhongsai-steelstructure.com/en/projects/dongguan-huarun-center,200,308,/en/projects/dongguan-huarun-center/,https://zhongsai-steelstructure.com/en/projects/dongguan-huarun-center/,Dongguan Huarun Land Center Commercial &amp; Residential Building Project | ZhongSai Steel Structure,Dongguan Huarun Land Center Commercial &amp; Residential Building Project,d954c226ddb5,,non-slash版本状态=308,REVIEW
https://zhongsai-steelstructure.com/en/projects/xiegang-aviation-manufacturing/,https://zhongsai-steelstructure.com/en/projects/xiegang-aviation-manufacturing,200,308,/en/projects/xiegang-aviation-manufacturing/,https://zhongsai-steelstructure.com/en/projects/xiegang-aviation-manufacturing/,Shanghai Baoye Xiegang General Aviation Manufacturing &amp; Supply Chain Project | ZhongSai Steel St,Shanghai Baoye Xiegang General Aviation Manufacturing &amp; Supply Chain Project,25ac957b1135,,non-slash版本状态=308,REVIEW
https://zhongsai-steelstructure.com/en/projects/guangzhou-high-end-equipment-base/,https://zhongsai-steelstructure.com/en/projects/guangzhou-high-end-equipment-base,200,308,/en/projects/guangzhou-high-end-equipment-base/,https://zhongsai-steelstructure.com/en/projects/guangzhou-high-end-equipment-base/,Guangzhou Gongkong Greater Bay Area Modern High-End Equipment R&amp;D and Production Base | ZhongSai,Guangzhou Gongkong Greater Bay Area Modern High-End Equipment R&amp;D and Produc,b4792862ffe5,,non-slash版本状态=308,REVIEW
https://zhongsai-steelstructure.com/en/projects/shantou-luxshare-electronics-center/,https://zhongsai-steelstructure.com/en/projects/shantou-luxshare-electronics-center,200,308,/en/projects/shantou-luxshare-electronics-center/,https://zhongsai-steelstructure.com/en/projects/shantou-luxshare-electronics-center/,Shantou Luxshare Precision Global Electronic Information Industry Center Project | ZhongSai Steel St,Shantou Luxshare Precision Global Electronic Information Industry Center Project,0bcbe1976c80,,non-slash版本状态=308,REVIEW
https://zhongsai-steelstructure.com/en/projects/futian-bonded-zone-customs/,https://zhongsai-steelstructure.com/en/projects/futian-bonded-zone-customs,200,308,/en/projects/futian-bonded-zone-customs/,https://zhongsai-steelstructure.com/en/projects/futian-bonded-zone-customs/,Shenzhen Futian Bonded Zone Customs Infrastructure Upgrade and Renovation Project | ZhongSai Steel S,Shenzhen Futian Bonded Zone Customs Infrastructure Upgrade and Renovation Projec,1b844be737f5,,non-slash版本状态=308,REVIEW
https://zhongsai-steelstructure.com/en/projects/qianhai-dreamfactory/,https://zhongsai-steelstructure.com/en/projects/qianhai-dreamfactory,200,308,/en/projects/qianhai-dreamfactory/,https://zhongsai-steelstructure.com/en/projects/qianhai-dreamfactory/,Shenzhen Qianhai Shenzhen-Hong Kong Youth Dream Factory Project | ZhongSai Steel Structure Projects,Shenzhen Qianhai Shenzhen-Hong Kong Youth Dream Factory Project,b01118e646bd,,non-slash版本状态=308,REVIEW
https://zhongsai-steelstructure.com/en/projects/cnpc-cracking-furnace/,https://zhongsai-steelstructure.com/en/projects/cnpc-cracking-furnace,200,308,/en/projects/cnpc-cracking-furnace/,https://zhongsai-steelstructure.com/en/projects/cnpc-cracking-furnace/,CNPC Sixth Construction Cracking Furnace Project | ZhongSai Steel Structure Projects,CNPC Sixth Construction Cracking Furnace Project,46f1f570ceef,,non-slash版本状态=308,REVIEW
https://zhongsai-steelstructure.com/en/projects/cnpc-liquid-furnace/,https://zhongsai-steelstructure.com/en/projects/cnpc-liquid-furnace,200,308,/en/projects/cnpc-liquid-furnace/,https://zhongsai-steelstructure.com/en/projects/cnpc-liquid-furnace/,CNPC Sixth Construction Liquid Furnace Project | ZhongSai Steel Structure Projects,CNPC Sixth Construction Liquid Furnace Project,d9903b30df35,,non-slash版本状态=308,REVIEW
https://zhongsai-steelstructure.com/en/projects/yixian-biotech-manufacturing/,https://zhongsai-steelstructure.com/en/projects/yixian-biotech-manufacturing,200,308,/en/projects/yixian-biotech-manufacturing/,https://zhongsai-steelstructure.com/en/projects/yixian-biotech-manufacturing/,Guangdong Yixian Biotechnology High-End Manufacturing Plant Project | ZhongSai Steel Structure Proje,Guangdong Yixian Biotechnology High-End Manufacturing Plant Project,a748f9dd8b9e,,non-slash版本状态=308,REVIEW
https://zhongsai-steelstructure.com/en/projects/luohu-mixc-skybridge/,https://zhongsai-steelstructure.com/en/projects/luohu-mixc-skybridge,200,308,/en/projects/luohu-mixc-skybridge/,https://zhongsai-steelstructure.com/en/projects/luohu-mixc-skybridge/,Shenzhen Luohu Mixc Commercial Center Skybridge Project | ZhongSai Steel Structure Projects,Shenzhen Luohu Mixc Commercial Center Skybridge Project,ce45fa57bce5,,non-slash版本状态=308,REVIEW
https://zhongsai-steelstructure.com/en/projects/cnooc-pr6-pipe-rack/,https://zhongsai-steelstructure.com/en/projects/cnooc-pr6-pipe-rack,200,308,/en/projects/cnooc-pr6-pipe-rack/,https://zhongsai-steelstructure.com/en/projects/cnooc-pr6-pipe-rack/,CNOOC PR6 Pipe Rack 4-SS2 Frame Project | ZhongSai Steel Structure Projects,CNOOC PR6 Pipe Rack 4-SS2 Frame Project,0ac55350a558,,non-slash版本状态=308,REVIEW
https://zhongsai-steelstructure.com/en/projects/singapore-cr101-depot/,https://zhongsai-steelstructure.com/en/projects/singapore-cr101-depot,200,308,/en/projects/singapore-cr101-depot/,https://zhongsai-steelstructure.com/en/projects/singapore-cr101-depot/,Singapore LTA CR101 MRT Depot | ZhongSai Steel Structure Projects,Singapore LTA CR101 MRT Depot,7ed8da570215,,non-slash版本状态=308,REVIEW
https://zhongsai-steelstructure.com/en/projects/singapore-j102-mrt-station/,https://zhongsai-steelstructure.com/en/projects/singapore-j102-mrt-station,200,308,/en/projects/singapore-j102-mrt-station/,https://zhongsai-steelstructure.com/en/projects/singapore-j102-mrt-station/,Singapore LTA J102 MRT Station | ZhongSai Steel Structure Projects,Singapore LTA J102 MRT Station,73ef8e5b5c69,,non-slash版本状态=308,REVIEW
https://zhongsai-steelstructure.com/en/projects/singapore-j107-mrt-station/,https://zhongsai-steelstructure.com/en/projects/singapore-j107-mrt-station,200,308,/en/projects/singapore-j107-mrt-station/,https://zhongsai-steelstructure.com/en/projects/singapore-j107-mrt-station/,Singapore LTA J107 MRT Station | ZhongSai Steel Structure Projects,Singapore LTA J107 MRT Station,33074dd0f897,,non-slash版本状态=308,REVIEW
https://zhongsai-steelstructure.com/en/projects/macau-londoner/,https://zhongsai-steelstructure.com/en/projects/macau-londoner,200,308,/en/projects/macau-londoner/,https://zhongsai-steelstructure.com/en/projects/macau-londoner/,Macau Londoner Project | ZhongSai Steel Structure Projects,Macau Londoner Project,ef3a07a4216b,,non-slash版本状态=308,REVIEW
https://zhongsai-steelstructure.com/en/projects/macau-city-of-dreams-phase2/,https://zhongsai-steelstructure.com/en/projects/macau-city-of-dreams-phase2,200,308,/en/projects/macau-city-of-dreams-phase2/,https://zhongsai-steelstructure.com/en/projects/macau-city-of-dreams-phase2/,Macau City of Dreams Phase 2 | ZhongSai Steel Structure Projects,Macau City of Dreams Phase 2,d3583cfa8a81,,non-slash版本状态=308,REVIEW
https://zhongsai-steelstructure.com/en/projects/singapore-sats-bup-centre/,https://zhongsai-steelstructure.com/en/projects/singapore-sats-bup-centre,200,308,/en/projects/singapore-sats-bup-centre/,https://zhongsai-steelstructure.com/en/projects/singapore-sats-bup-centre/,Singapore Changi Airport SATS BUP Centre | ZhongSai Steel Structure Projects,Singapore Changi Airport SATS BUP Centre,5f584e907ec1,,non-slash版本状态=308,REVIEW
https://zhongsai-steelstructure.com/en/projects/singapore-mcc-innocentre/,https://zhongsai-steelstructure.com/en/projects/singapore-mcc-innocentre,200,308,/en/projects/singapore-mcc-innocentre/,https://zhongsai-steelstructure.com/en/projects/singapore-mcc-innocentre/,Singapore MCC Innocentre | ZhongSai Steel Structure Projects,Singapore MCC Innocentre,4d8b4fad96e0,,non-slash版本状态=308,REVIEW
https://zhongsai-steelstructure.com/en/projects/singapore-airport-t2-connect/,https://zhongsai-steelstructure.com/en/projects/singapore-airport-t2-connect,200,308,/en/projects/singapore-airport-t2-connect/,https://zhongsai-steelstructure.com/en/projects/singapore-airport-t2-connect/,Singapore Changi Airport T2 Connect | ZhongSai Steel Structure Projects,Singapore Changi Airport T2 Connect,940f7c4ba4e5,,non-slash版本状态=308,REVIEW
https://zhongsai-steelstructure.com/en/projects/singapore-sentosa-waterfront-hotel/,https://zhongsai-steelstructure.com/en/projects/singapore-sentosa-waterfront-hotel,200,308,/en/projects/singapore-sentosa-waterfront-hotel/,https://zhongsai-steelstructure.com/en/projects/singapore-sentosa-waterfront-hotel/,Singapore Sentosa Waterfront Hotel | ZhongSai Steel Structure Projects,Singapore Sentosa Waterfront Hotel,4e0544274740,,non-slash版本状态=308,REVIEW
https://zhongsai-steelstructure.com/zh/,https://zhongsai-steelstructure.com/zh,200,308,/zh/,https://zhongsai-steelstructure.com/zh/,中赛钢构｜钢结构设计、深化、制造与出口交付,让钢结构项目从图纸走向现场,deae01f7f048,,non-slash版本状态=308,REVIEW
https://zhongsai-steelstructure.com/zh/products/,https://zhongsai-steelstructure.com/zh/products,200,308,/zh/products/,https://zhongsai-steelstructure.com/zh/products/,钢结构解决方案｜按建筑应用分类｜工业厂房、仓库、农业、商业、交通、矿业｜中赛钢构,按项目应用选择钢结构解决方案,512bc84035d0,,non-slash版本状态=308,REVIEW
https://zhongsai-steelstructure.com/zh/products/custom-engineering/,https://zhongsai-steelstructure.com/zh/products/custom-engineering,200,308,/zh/products/custom-engineering/,https://zhongsai-steelstructure.com/zh/products/custom-engineering/,海外项目钢结构按图加工与定制制造 | 中赛钢构,海外项目钢结构按图加工与定制制造,a062a0c89e2f,,non-slash版本状态=308,REVIEW
https://zhongsai-steelstructure.com/zh/components/,https://zhongsai-steelstructure.com/zh/components,200,308,/zh/components/,https://zhongsai-steelstructure.com/zh/components/,钢构件与围护系统｜钢梁、钢柱、桁架、檩条、彩钢板｜中赛钢构,按图纸定制加工钢构件与围护系统,87ec40cf26b6,,non-slash版本状态=308,REVIEW
https://zhongsai-steelstructure.com/zh/components/fabricated-steel-beams-columns/,https://zhongsai-steelstructure.com/zh/components/fabricated-steel-beams-columns,200,308,/zh/components/fabricated-steel-beams-columns/,https://zhongsai-steelstructure.com/zh/components/fabricated-steel-beams-columns/,钢梁与钢柱按图加工 | 定制钢结构构件 | 中赛钢构,按项目图纸加工的钢梁与钢柱,ff95d8a658da,,non-slash版本状态=308,REVIEW
https://zhongsai-steelstructure.com/zh/components/roof-wall-cladding-systems/,https://zhongsai-steelstructure.com/zh/components/roof-wall-cladding-systems,200,308,/zh/components/roof-wall-cladding-systems/,https://zhongsai-steelstructure.com/zh/components/roof-wall-cladding-systems/,钢结构屋面与墙面围护系统 | 中赛钢构,钢结构建筑屋面与墙面围护系统,8060d4bcdc46,,non-slash版本状态=308,REVIEW
https://zhongsai-steelstructure.com/zh/components/steel-trusses/,https://zhongsai-steelstructure.com/zh/components/steel-trusses,200,308,/zh/components/steel-trusses/,https://zhongsai-steelstructure.com/zh/components/steel-trusses/,钢桁架｜屋架桁架、管桁架、转换桁架按图纸定制加工｜中赛钢构,按图纸定制加工钢桁架,d643cf3c63e0,,non-slash版本状态=308,REVIEW
https://zhongsai-steelstructure.com/zh/components/steel-purlins/,https://zhongsai-steelstructure.com/zh/components/steel-purlins,200,308,/zh/components/steel-purlins/,https://zhongsai-steelstructure.com/zh/components/steel-purlins/,钢檩条｜C型钢檩条与Z型钢檩条冷弯成型｜中赛钢构,C型钢与Z型钢檩条按项目规格冷弯成型,0988232a41b8,,non-slash版本状态=308,REVIEW
https://zhongsai-steelstructure.com/zh/manufacturing-quality/,https://zhongsai-steelstructure.com/zh/manufacturing-quality,200,308,/zh/manufacturing-quality/,https://zhongsai-steelstructure.com/zh/manufacturing-quality/,钢结构制造与质量控制｜中赛钢构,钢结构制造与质量控制,52d0fe59b693,,non-slash版本状态=308,REVIEW
https://zhongsai-steelstructure.com/zh/steel-workshop/,https://zhongsai-steelstructure.com/zh/steel-workshop,200,308,/zh/steel-workshop/,https://zhongsai-steelstructure.com/zh/steel-workshop/,钢结构工业厂房与生产车间 | 中赛钢构,钢结构工业厂房与生产车间,30ec301e16fe,,non-slash版本状态=308,REVIEW
https://zhongsai-steelstructure.com/zh/steel-warehouse/,https://zhongsai-steelstructure.com/zh/steel-warehouse,200,308,/zh/steel-warehouse/,https://zhongsai-steelstructure.com/zh/steel-warehouse/,钢结构仓库与物流建筑 | 中赛钢构,钢结构仓库与物流建筑,92f2dd35f635,,non-slash版本状态=308,REVIEW
https://zhongsai-steelstructure.com/zh/steel-mining-factory/,https://zhongsai-steelstructure.com/zh/steel-mining-factory,200,308,/zh/steel-mining-factory/,https://zhongsai-steelstructure.com/zh/steel-mining-factory/,矿业与重型工业钢结构解决方案 | 中赛钢构,矿业与重型工业钢结构解决方案,51981323bd55,,non-slash版本状态=308,REVIEW
https://zhongsai-steelstructure.com/zh/services/structural-steel-detailing/,https://zhongsai-steelstructure.com/zh/services/structural-steel-detailing,200,308,/zh/services/structural-steel-detailing/,https://zhongsai-steelstructure.com/zh/services/structural-steel-detailing/,钢结构深化设计与加工图服务 | 中赛钢构,钢结构深化设计与加工图服务,b49b9fcdee8b,,non-slash版本状态=308,REVIEW
https://zhongsai-steelstructure.com/zh/engineering-design/,https://zhongsai-steelstructure.com/zh/engineering-design,200,308,/zh/engineering-design/,https://zhongsai-steelstructure.com/zh/engineering-design/,钢结构建筑设计与制造衔接服务 | 中赛钢构,钢结构建筑设计与制造衔接服务,8687e0f05fdf,,non-slash版本状态=308,REVIEW
https://zhongsai-steelstructure.com/zh/about/,https://zhongsai-steelstructure.com/zh/about,200,308,/zh/about/,https://zhongsai-steelstructure.com/zh/about/,关于中赛钢构 | 钢结构制造与出口供应商,面向海外项目的钢结构制造与出口供应,1edf169c0b08,,non-slash版本状态=308,REVIEW
https://zhongsai-steelstructure.com/zh/contact/,https://zhongsai-steelstructure.com/zh/contact,200,308,/zh/contact/,https://zhongsai-steelstructure.com/zh/contact/,联系中赛钢构 | 项目询盘与报价需求,提交您的钢结构项目需求,3c9e136f6ed3,,non-slash版本状态=308,REVIEW
https://zhongsai-steelstructure.com/zh/export-delivery/,https://zhongsai-steelstructure.com/zh/export-delivery,200,308,/zh/export-delivery/,https://zhongsai-steelstructure.com/zh/export-delivery/,钢结构出口交付 | 包装装柜与海外项目供应支持,钢结构制造后的出口供应与交付支持,a9fcae041342,,non-slash版本状态=308,REVIEW
https://zhongsai-steelstructure.com/zh/privacy/,https://zhongsai-steelstructure.com/zh/privacy,200,308,/zh/privacy/,https://zhongsai-steelstructure.com/zh/privacy/,隐私政策 | 中赛钢构,隐私政策,c995dabd6424,,non-slash版本状态=308,REVIEW
https://zhongsai-steelstructure.com/zh/terms/,https://zhongsai-steelstructure.com/zh/terms,200,308,/zh/terms/,https://zhongsai-steelstructure.com/zh/terms/,使用条款 | 中赛钢构,使用条款,56ac74f78126,,non-slash版本状态=308,REVIEW
https://zhongsai-steelstructure.com/zh/projects/,https://zhongsai-steelstructure.com/zh/projects,200,308,/zh/projects/,https://zhongsai-steelstructure.com/zh/projects/,精选钢结构项目案例 | 中赛钢构制造参考,精选钢结构项目案例,02a05e1319f1,,non-slash版本状态=308,REVIEW
https://zhongsai-steelstructure.com/zh/projects/zhanjiang-logistics-port/,https://zhongsai-steelstructure.com/zh/projects/zhanjiang-logistics-port,200,308,/zh/projects/zhanjiang-logistics-port/,https://zhongsai-steelstructure.com/zh/projects/zhanjiang-logistics-port/,深国际湛江综合物流港项目 | 中赛钢构项目案例,深国际湛江综合物流港项目,468a46b2019a,,non-slash版本状态=308,REVIEW
https://zhongsai-steelstructure.com/zh/projects/dongguan-huarun-center/,https://zhongsai-steelstructure.com/zh/projects/dongguan-huarun-center,200,308,/zh/projects/dongguan-huarun-center/,https://zhongsai-steelstructure.com/zh/projects/dongguan-huarun-center/,东莞华润置地中心商业、住宅楼项目 | 中赛钢构项目案例,东莞华润置地中心商业、住宅楼项目,2c8ab4fb6244,,non-slash版本状态=308,REVIEW
https://zhongsai-steelstructure.com/zh/projects/xiegang-aviation-manufacturing/,https://zhongsai-steelstructure.com/zh/projects/xiegang-aviation-manufacturing,200,308,/zh/projects/xiegang-aviation-manufacturing/,https://zhongsai-steelstructure.com/zh/projects/xiegang-aviation-manufacturing/,上海宝冶谢岗通用航空制造及供应链项目 | 中赛钢构项目案例,上海宝冶谢岗通用航空制造及供应链项目,8cd6bc38f2bc,,non-slash版本状态=308,REVIEW
https://zhongsai-steelstructure.com/zh/projects/guangzhou-high-end-equipment-base/,https://zhongsai-steelstructure.com/zh/projects/guangzhou-high-end-equipment-base,200,308,/zh/projects/guangzhou-high-end-equipment-base/,https://zhongsai-steelstructure.com/zh/projects/guangzhou-high-end-equipment-base/,广州工控大湾区现代高端装备研发生产基地 | 中赛钢构项目案例,广州工控大湾区现代高端装备研发生产基地,70966f52c2dd,,non-slash版本状态=308,REVIEW
https://zhongsai-steelstructure.com/zh/projects/shantou-luxshare-electronics-center/,https://zhongsai-steelstructure.com/zh/projects/shantou-luxshare-electronics-center,200,308,/zh/projects/shantou-luxshare-electronics-center/,https://zhongsai-steelstructure.com/zh/projects/shantou-luxshare-electronics-center/,汕头立讯精密全球电子信息产业中心项目 | 中赛钢构项目案例,汕头立讯精密全球电子信息产业中心项目,9f1c03c9c8af,,non-slash版本状态=308,REVIEW
https://zhongsai-steelstructure.com/zh/projects/futian-bonded-zone-customs/,https://zhongsai-steelstructure.com/zh/projects/futian-bonded-zone-customs,200,308,/zh/projects/futian-bonded-zone-customs/,https://zhongsai-steelstructure.com/zh/projects/futian-bonded-zone-customs/,深圳福田保税区海关基础设施升级改造工程 | 中赛钢构项目案例,深圳福田保税区海关基础设施升级改造工程,9e5dd6fc21fd,,non-slash版本状态=308,REVIEW
https://zhongsai-steelstructure.com/zh/projects/qianhai-dreamfactory/,https://zhongsai-steelstructure.com/zh/projects/qianhai-dreamfactory,200,308,/zh/projects/qianhai-dreamfactory/,https://zhongsai-steelstructure.com/zh/projects/qianhai-dreamfactory/,深圳前海深港青年梦工厂项目 | 中赛钢构项目案例,深圳前海深港青年梦工厂项目,acc3816a09bd,,non-slash版本状态=308,REVIEW
https://zhongsai-steelstructure.com/zh/projects/cnpc-cracking-furnace/,https://zhongsai-steelstructure.com/zh/projects/cnpc-cracking-furnace,200,308,/zh/projects/cnpc-cracking-furnace/,https://zhongsai-steelstructure.com/zh/projects/cnpc-cracking-furnace/,中油六建裂解炉项目 | 中赛钢构项目案例,中油六建裂解炉项目,d35c33d671fd,,non-slash版本状态=308,REVIEW
https://zhongsai-steelstructure.com/zh/projects/cnpc-liquid-furnace/,https://zhongsai-steelstructure.com/zh/projects/cnpc-liquid-furnace,200,308,/zh/projects/cnpc-liquid-furnace/,https://zhongsai-steelstructure.com/zh/projects/cnpc-liquid-furnace/,中油六建液体炉项目 | 中赛钢构项目案例,中油六建液体炉项目,5ab9f942e6ce,,non-slash版本状态=308,REVIEW
https://zhongsai-steelstructure.com/zh/projects/yixian-biotech-manufacturing/,https://zhongsai-steelstructure.com/zh/projects/yixian-biotech-manufacturing,200,308,/zh/projects/yixian-biotech-manufacturing/,https://zhongsai-steelstructure.com/zh/projects/yixian-biotech-manufacturing/,广东逸仙生物科技高端制造厂房项目 | 中赛钢构项目案例,广东逸仙生物科技高端制造厂房项目,d1c2f6eb5fac,,non-slash版本状态=308,REVIEW
https://zhongsai-steelstructure.com/zh/projects/luohu-mixc-skybridge/,https://zhongsai-steelstructure.com/zh/projects/luohu-mixc-skybridge,200,308,/zh/projects/luohu-mixc-skybridge/,https://zhongsai-steelstructure.com/zh/projects/luohu-mixc-skybridge/,深圳罗湖万象城商业中心天桥项目 | 中赛钢构项目案例,深圳罗湖万象城商业中心天桥项目,fca2656d653c,,non-slash版本状态=308,REVIEW
https://zhongsai-steelstructure.com/zh/projects/cnooc-pr6-pipe-rack/,https://zhongsai-steelstructure.com/zh/projects/cnooc-pr6-pipe-rack,200,308,/zh/projects/cnooc-pr6-pipe-rack/,https://zhongsai-steelstructure.com/zh/projects/cnooc-pr6-pipe-rack/,中海油PR6管廊4-SS2框架项目 | 中赛钢构项目案例,中海油PR6管廊4-SS2框架项目,dd890dd8cd69,,non-slash版本状态=308,REVIEW
https://zhongsai-steelstructure.com/zh/projects/singapore-cr101-depot/,https://zhongsai-steelstructure.com/zh/projects/singapore-cr101-depot,200,308,/zh/projects/singapore-cr101-depot/,https://zhongsai-steelstructure.com/zh/projects/singapore-cr101-depot/,新加坡LTA CR101地铁维修站 | 中赛钢结构项目案例,新加坡LTA CR101地铁维修站,a5fbc45cb324,,non-slash版本状态=308,REVIEW
https://zhongsai-steelstructure.com/zh/projects/singapore-j102-mrt-station/,https://zhongsai-steelstructure.com/zh/projects/singapore-j102-mrt-station,200,308,/zh/projects/singapore-j102-mrt-station/,https://zhongsai-steelstructure.com/zh/projects/singapore-j102-mrt-station/,新加坡LTA J102地铁站 | 中赛钢结构项目案例,新加坡LTA J102地铁站,a7714db2eff3,,non-slash版本状态=308,REVIEW
https://zhongsai-steelstructure.com/zh/projects/singapore-j107-mrt-station/,https://zhongsai-steelstructure.com/zh/projects/singapore-j107-mrt-station,200,308,/zh/projects/singapore-j107-mrt-station/,https://zhongsai-steelstructure.com/zh/projects/singapore-j107-mrt-station/,新加坡LTA J107地铁站 | 中赛钢结构项目案例,新加坡LTA J107地铁站,329270166ac5,,non-slash版本状态=308,REVIEW
https://zhongsai-steelstructure.com/zh/projects/macau-londoner/,https://zhongsai-steelstructure.com/zh/projects/macau-londoner,200,308,/zh/projects/macau-londoner/,https://zhongsai-steelstructure.com/zh/projects/macau-londoner/,澳门伦敦人项目 | 中赛钢结构项目案例,澳门伦敦人项目,52b2d3cae174,,non-slash版本状态=308,REVIEW
https://zhongsai-steelstructure.com/zh/projects/macau-city-of-dreams-phase2/,https://zhongsai-steelstructure.com/zh/projects/macau-city-of-dreams-phase2,200,308,/zh/projects/macau-city-of-dreams-phase2/,https://zhongsai-steelstructure.com/zh/projects/macau-city-of-dreams-phase2/,澳门新濠影汇二期 | 中赛钢结构项目案例,澳门新濠影汇二期,30063aab98dc,,non-slash版本状态=308,REVIEW
https://zhongsai-steelstructure.com/zh/projects/singapore-sats-bup-centre/,https://zhongsai-steelstructure.com/zh/projects/singapore-sats-bup-centre,200,308,/zh/projects/singapore-sats-bup-centre/,https://zhongsai-steelstructure.com/zh/projects/singapore-sats-bup-centre/,新加坡樟宜机场SATS货运中心 | 中赛钢结构项目案例,新加坡樟宜机场SATS货运中心,2102bd873f49,,non-slash版本状态=308,REVIEW
https://zhongsai-steelstructure.com/zh/projects/singapore-mcc-innocentre/,https://zhongsai-steelstructure.com/zh/projects/singapore-mcc-innocentre,200,308,/zh/projects/singapore-mcc-innocentre/,https://zhongsai-steelstructure.com/zh/projects/singapore-mcc-innocentre/,新加坡MCC Innocentre | 中赛钢结构项目案例,新加坡MCC Innocentre,092ffb3b39bd,,non-slash版本状态=308,REVIEW
https://zhongsai-steelstructure.com/zh/projects/singapore-airport-t2-connect/,https://zhongsai-steelstructure.com/zh/projects/singapore-airport-t2-connect,200,308,/zh/projects/singapore-airport-t2-connect/,https://zhongsai-steelstructure.com/zh/projects/singapore-airport-t2-connect/,新加坡樟宜机场T2连接 | 中赛钢结构项目案例,新加坡樟宜机场T2连接,26ce16855149,,non-slash版本状态=308,REVIEW
https://zhongsai-steelstructure.com/zh/projects/singapore-sentosa-waterfront-hotel/,https://zhongsai-steelstructure.com/zh/projects/singapore-sentosa-waterfront-hotel,200,308,/zh/projects/singapore-sentosa-waterfront-hotel/,https://zhongsai-steelstructure.com/zh/projects/singapore-sentosa-waterfront-hotel/,新加坡圣淘沙名胜世界酒店 | 中赛钢结构项目案例,新加坡圣淘沙名胜世界酒店,4c1b9e6212b0,,non-slash版本状态=308,REVIEW
https://zhongsai-steelstructure.com/en/blog/how-to-import-steel-structure-from-china-complete-guide/,https://zhongsai-steelstructure.com/en/blog/how-to-import-steel-structure-from-china-complete-guide,200,308,/en/blog/how-to-import-steel-structure-from-china-complete-guide/,https://zhongsai-steelstructure.com/en/blog/how-to-import-steel-structure-from-china-complete-guide/,How to Import Steel Structure from China: Complete Guide | ZhongSai,How to Import Steel Structure from China: Complete Guide,0cbfde9dd520,,non-slash版本状态=308,REVIEW
https://zhongsai-steelstructure.com/en/blog/how-to-import-steel-structure-from-china-to-africa/,https://zhongsai-steelstructure.com/en/blog/how-to-import-steel-structure-from-china-to-africa,200,308,/en/blog/how-to-import-steel-structure-from-china-to-africa/,https://zhongsai-steelstructure.com/en/blog/how-to-import-steel-structure-from-china-to-africa/,How to Import Steel Structure from China to Africa: Complete Guide | ZhongSai,How to Import Steel Structure from China to Africa: Complete Guide,3eea79600a5f,,non-slash版本状态=308,REVIEW
https://zhongsai-steelstructure.com/en/blog/shipping-cost-steel-structure-from-china/,https://zhongsai-steelstructure.com/en/blog/shipping-cost-steel-structure-from-china,200,308,/en/blog/shipping-cost-steel-structure-from-china/,https://zhongsai-steelstructure.com/en/blog/shipping-cost-steel-structure-from-china/,Shipping Cost for Steel Structure from China: Freight Guide | ZhongSai,Shipping Cost for Steel Structure from China: Freight Guide,d556a681b57e,,non-slash版本状态=308,REVIEW
https://zhongsai-steelstructure.com/en/blog/steel-structure-container-loading-guide/,https://zhongsai-steelstructure.com/en/blog/steel-structure-container-loading-guide,200,308,/en/blog/steel-structure-container-loading-guide/,https://zhongsai-steelstructure.com/en/blog/steel-structure-container-loading-guide/,Steel Structure Container Loading Guide | ZhongSai,Steel Structure Container Loading Guide,eae02ca323e8,,non-slash版本状态=308,REVIEW
https://zhongsai-steelstructure.com/en/blog/steel-warehouse-cost-complete-guide/,https://zhongsai-steelstructure.com/en/blog/steel-warehouse-cost-complete-guide,200,308,/en/blog/steel-warehouse-cost-complete-guide/,https://zhongsai-steelstructure.com/en/blog/steel-warehouse-cost-complete-guide/,Steel Warehouse Cost: Factors Affecting Price from China | ZhongSai,Steel Warehouse Cost: Factors Affecting Price from China,0b118a9ada62,,non-slash版本状态=308,REVIEW
https://zhongsai-steelstructure.com/en/blog/how-to-choose-steel-structure-supplier/,https://zhongsai-steelstructure.com/en/blog/how-to-choose-steel-structure-supplier,200,308,/en/blog/how-to-choose-steel-structure-supplier/,https://zhongsai-steelstructure.com/en/blog/how-to-choose-steel-structure-supplier/,How to Choose a Steel Structure Manufacturer in China: Complete Buyer Guide,How to Choose a Steel Structure Manufacturer in China,8996c8d3e88f,,non-slash版本状态=308,REVIEW
https://zhongsai-steelstructure.com/zh/blog/gangjiegou-changfang-zaojia-zhinan/,https://zhongsai-steelstructure.com/zh/blog/gangjiegou-changfang-zaojia-zhinan,200,308,/zh/blog/gangjiegou-changfang-zaojia-zhinan/,https://zhongsai-steelstructure.com/zh/blog/gangjiegou-changfang-zaojia-zhinan/,钢结构厂房造价影响因素完整指南 | 中赛钢构,钢结构厂房造价影响因素完整指南 | 中赛钢构,315daa21c4a1,,non-slash版本状态=308,REVIEW
https://zhongsai-steelstructure.com/zh/blog/gangjiegou-gongchang-xuanze-zhinan/,https://zhongsai-steelstructure.com/zh/blog/gangjiegou-gongchang-xuanze-zhinan,200,308,/zh/blog/gangjiegou-gongchang-xuanze-zhinan/,https://zhongsai-steelstructure.com/zh/blog/gangjiegou-gongchang-xuanze-zhinan/,如何选择中国钢结构厂家：海外采购完整评估指南,如何选择中国钢结构厂家,afc660ce0a3d,,non-slash版本状态=308,REVIEW
https://zhongsai-steelstructure.com/en/blog/en/common-mistakes-importing-steel-structures-china.md/,https://zhongsai-steelstructure.com/en/blog/en/common-mistakes-importing-steel-structures-china.md,404,404,,,,,,,slash版本状态=404; non-slash版本状态=404,FIX
https://zhongsai-steelstructure.com/en/blog/en/how-to-steel-structure-cost.md/,https://zhongsai-steelstructure.com/en/blog/en/how-to-steel-structure-cost.md,404,404,,,,,,,slash版本状态=404; non-slash版本状态=404,FIX
https://zhongsai-steelstructure.com/en/blog/en/import-steel-from-china-cost.md/,https://zhongsai-steelstructure.com/en/blog/en/import-steel-from-china-cost.md,404,404,,,,,,,slash版本状态=404; non-slash版本状态=404,FIX
https://zhongsai-steelstructure.com/en/blog/en/steel-structure-building-lifespan-guide.md/,https://zhongsai-steelstructure.com/en/blog/en/steel-structure-building-lifespan-guide.md,404,404,,,,,,,slash版本状态=404; non-slash版本状态=404,FIX
https://zhongsai-steelstructure.com/en/blog/en/steel-structure-corrosion-protection-coating-guide.md/,https://zhongsai-steelstructure.com/en/blog/en/steel-structure-corrosion-protection-coating-guide.md,404,404,,,,,,,slash版本状态=404; non-slash版本状态=404,FIX
https://zhongsai-steelstructure.com/en/blog/en/steel-structure-fabrication-drawings-documents-required.md/,https://zhongsai-steelstructure.com/en/blog/en/steel-structure-fabrication-drawings-documents-required.md,404,404,,,,,,,slash版本状态=404; non-slash版本状态=404,FIX
https://zhongsai-steelstructure.com/en/blog/en/steel-structure-installation-guide.md/,https://zhongsai-steelstructure.com/en/blog/en/steel-structure-installation-guide.md,404,404,,,,,,,slash版本状态=404; non-slash版本状态=404,FIX
https://zhongsai-steelstructure.com/en/blog/en/steel-structure-welding-quality-control-guide.md/,https://zhongsai-steelstructure.com/en/blog/en/steel-structure-welding-quality-control-guide.md,404,404,,,,,,,slash版本状态=404; non-slash版本状态=404,FIX
https://zhongsai-steelstructure.com/zh/blog/zh/common-mistakes-importing-steel-structures-china.md/,https://zhongsai-steelstructure.com/zh/blog/zh/common-mistakes-importing-steel-structures-china.md,404,404,,,,,,,slash版本状态=404; non-slash版本状态=404,FIX
https://zhongsai-steelstructure.com/zh/blog/zh/how-to-steel-structure-cost.md/,https://zhongsai-steelstructure.com/zh/blog/zh/how-to-steel-structure-cost.md,404,404,,,,,,,slash版本状态=404; non-slash版本状态=404,FIX
https://zhongsai-steelstructure.com/zh/blog/zh/import-steel-from-china-cost.md/,https://zhongsai-steelstructure.com/zh/blog/zh/import-steel-from-china-cost.md,404,404,,,,,,,slash版本状态=404; non-slash版本状态=404,FIX
https://zhongsai-steelstructure.com/zh/blog/zh/steel-structure-building-lifespan-guide.md/,https://zhongsai-steelstructure.com/zh/blog/zh/steel-structure-building-lifespan-guide.md,404,404,,,,,,,slash版本状态=404; non-slash版本状态=404,FIX
https://zhongsai-steelstructure.com/zh/blog/zh/steel-structure-corrosion-protection-coating-guide.md/,https://zhongsai-steelstructure.com/zh/blog/zh/steel-structure-corrosion-protection-coating-guide.md,404,404,,,,,,,slash版本状态=404; non-slash版本状态=404,FIX
https://zhongsai-steelstructure.com/zh/blog/zh/steel-structure-fabrication-drawings-documents-required.md/,https://zhongsai-steelstructure.com/zh/blog/zh/steel-structure-fabrication-drawings-documents-required.md,404,404,,,,,,,slash版本状态=404; non-slash版本状态=404,FIX
https://zhongsai-steelstructure.com/zh/blog/zh/steel-structure-installation-guide.md/,https://zhongsai-steelstructure.com/zh/blog/zh/steel-structure-installation-guide.md,404,404,,,,,,,slash版本状态=404; non-slash版本状态=404,FIX
https://zhongsai-steelstructure.com/zh/blog/zh/steel-structure-welding-quality-control-guide.md/,https://zhongsai-steelstructure.com/zh/blog/zh/steel-structure-welding-quality-control-guide.md,404,404,,,,,,,slash版本状态=404; non-slash版本状态=404,FIX
