url_type,url,status_code,final_url,redirect_chain,title,h1,canonical,hreflang_en,hreflang_zh,hreflang_xdefault,in_sitemap,error
NON_SLASH,https://zhongsai-steelstructure.com/en/about,200,https://zhongsai-steelstructure.com/en/about/,[],About ZhongSai Steel Structure | Steel Structure Manufacturing &amp; Export,Steel Structure Manufacturing for Overseas Projects,https://zhongsai-steelstructure.com/en/about/,https://zhongsai-steelstructure.com/en/about/,,https://zhongsai-steelstructure.com/en/about/,False,
NON_SLASH,https://zhongsai-steelstructure.com/en/blog/en/common-mistakes-importing-steel-structures-china.md,404,https://zhongsai-steelstructure.com/en/blog/en/common-mistakes-importing-steel-structures-china.md,[],,,,,,,False,
NON_SLASH,https://zhongsai-steelstructure.com/en/blog/en/how-to-steel-structure-cost.md,404,https://zhongsai-steelstructure.com/en/blog/en/how-to-steel-structure-cost.md,[],,,,,,,False,
NON_SLASH,https://zhongsai-steelstructure.com/en/blog/en/import-steel-from-china-cost.md,404,https://zhongsai-steelstructure.com/en/blog/en/import-steel-from-china-cost.md,[],,,,,,,False,
NON_SLASH,https://zhongsai-steelstructure.com/en/blog/en/steel-grades-explained-q235-q345.md,404,https://zhongsai-steelstructure.com/en/blog/en/steel-grades-explained-q235-q345.md,[],,,,,,,False,
NON_SLASH,https://zhongsai-steelstructure.com/en/blog/en/steel-structure-building-lifespan-guide.md,404,https://zhongsai-steelstructure.com/en/blog/en/steel-structure-building-lifespan-guide.md,[],,,,,,,False,
NON_SLASH,https://zhongsai-steelstructure.com/en/blog/en/steel-structure-corrosion-protection-coating-guide.md,404,https://zhongsai-steelstructure.com/en/blog/en/steel-structure-corrosion-protection-coating-guide.md,[],,,,,,,False,
NON_SLASH,https://zhongsai-steelstructure.com/en/blog/en/steel-structure-fabrication-drawings-documents-required.md,404,https://zhongsai-steelstructure.com/en/blog/en/steel-structure-fabrication-drawings-documents-required.md,[],,,,,,,False,
NON_SLASH,https://zhongsai-steelstructure.com/en/blog/en/steel-structure-installation-guide.md,404,https://zhongsai-steelstructure.com/en/blog/en/steel-structure-installation-guide.md,[],,,,,,,False,
NON_SLASH,https://zhongsai-steelstructure.com/en/blog/en/steel-structure-surface-treatment-coating-guide.md,404,https://zhongsai-steelstructure.com/en/blog/en/steel-structure-surface-treatment-coating-guide.md,[],,,,,,,False,
NON_SLASH,https://zhongsai-steelstructure.com/en/blog/en/steel-structure-welding-quality-control-guide.md,404,https://zhongsai-steelstructure.com/en/blog/en/steel-structure-welding-quality-control-guide.md,[],,,,,,,False,
NON_SLASH,https://zhongsai-steelstructure.com/en/blog/how-to-choose-steel-structure-supplier,200,https://zhongsai-steelstructure.com/en/blog/how-to-choose-steel-structure-supplier/,[],How to Choose a Steel Structure Manufacturer in China: Complete Buyer Guide,How to Choose a Steel Structure Manufacturer in China,https://zhongsai-steelstructure.com/en/blog/how-to-choose-steel-structure-supplier/,https://zhongsai-steelstructure.com/en/blog/how-to-choose-steel-structure-supplier/,,https://zhongsai-steelstructure.com/en/blog/how-to-choose-steel-structure-supplier/,False,
NON_SLASH,https://zhongsai-steelstructure.com/en/blog/how-to-import-steel-structure-from-china-complete-guide,200,https://zhongsai-steelstructure.com/en/blog/how-to-import-steel-structure-from-china-complete-guide/,[],How to Import Steel Structure from China: Complete Guide | ZhongSai,How to Import Steel Structure from China: Complete Guide,https://zhongsai-steelstructure.com/en/blog/how-to-import-steel-structure-from-china-complete-guide/,https://zhongsai-steelstructure.com/en/blog/how-to-import-steel-structure-from-china-complete-guide/,,https://zhongsai-steelstructure.com/en/blog/how-to-import-steel-structure-from-china-complete-guide/,False,
NON_SLASH,https://zhongsai-steelstructure.com/en/blog/how-to-import-steel-structure-from-china-to-africa,200,https://zhongsai-steelstructure.com/en/blog/how-to-import-steel-structure-from-china-to-africa/,[],How to Import Steel Structure from China to Africa: Complete Guide | ZhongSai,How to Import Steel Structure from China to Africa: Complete Guide,https://zhongsai-steelstructure.com/en/blog/how-to-import-steel-structure-from-china-to-africa/,https://zhongsai-steelstructure.com/en/blog/how-to-import-steel-structure-from-china-to-africa/,,https://zhongsai-steelstructure.com/en/blog/how-to-import-steel-structure-from-china-to-africa/,False,
NON_SLASH,https://zhongsai-steelstructure.com/en/blog/shipping-cost-steel-structure-from-china,200,https://zhongsai-steelstructure.com/en/blog/shipping-cost-steel-structure-from-china/,[],Shipping Cost for Steel Structure from China: Freight Guide | ZhongSai,Shipping Cost for Steel Structure from China: Freight Guide,https://zhongsai-steelstructure.com/en/blog/shipping-cost-steel-structure-from-china/,https://zhongsai-steelstructure.com/en/blog/shipping-cost-steel-structure-from-china/,,https://zhongsai-steelstructure.com/en/blog/shipping-cost-steel-structure-from-china/,False,
NON_SLASH,https://zhongsai-steelstructure.com/en/blog/steel-structure-container-loading-guide,200,https://zhongsai-steelstructure.com/en/blog/steel-structure-container-loading-guide/,[],Steel Structure Container Loading Guide | ZhongSai,Steel Structure Container Loading Guide,https://zhongsai-steelstructure.com/en/blog/steel-structure-container-loading-guide/,https://zhongsai-steelstructure.com/en/blog/steel-structure-container-loading-guide/,,https://zhongsai-steelstructure.com/en/blog/steel-structure-container-loading-guide/,False,
NON_SLASH,https://zhongsai-steelstructure.com/en/blog/steel-warehouse-cost-complete-guide,200,https://zhongsai-steelstructure.com/en/blog/steel-warehouse-cost-complete-guide/,[],Steel Warehouse Cost: Factors Affecting Price from China | ZhongSai,Steel Warehouse Cost: Factors Affecting Price from China,https://zhongsai-steelstructure.com/en/blog/steel-warehouse-cost-complete-guide/,https://zhongsai-steelstructure.com/en/blog/steel-warehouse-cost-complete-guide/,,https://zhongsai-steelstructure.com/en/blog/steel-warehouse-cost-complete-guide/,False,
NON_SLASH,https://zhongsai-steelstructure.com/en/components,200,https://zhongsai-steelstructure.com/en/components/,[],"Steel Components &amp; Cladding Systems | Beams, Columns, Trusses, Purlins | ZhongSai",Custom Steel Components &Cladding Systems to Drawings,https://zhongsai-steelstructure.com/en/components/,https://zhongsai-steelstructure.com/en/components/,,https://zhongsai-steelstructure.com/en/components/,False,
NON_SLASH,https://zhongsai-steelstructure.com/en/components/fabricated-steel-beams-columns,200,https://zhongsai-steelstructure.com/en/components/fabricated-steel-beams-columns/,[],Fabricated Steel Beams &amp; Columns | Custom Steel Fabrication | ZhongSai,Fabricated Steel Beams & Columns to Project Drawings,https://zhongsai-steelstructure.com/en/components/fabricated-steel-beams-columns/,https://zhongsai-steelstructure.com/en/components/fabricated-steel-beams-columns/,,https://zhongsai-steelstructure.com/en/components/fabricated-steel-beams-columns/,False,
NON_SLASH,https://zhongsai-steelstructure.com/en/components/roof-wall-cladding-systems,200,https://zhongsai-steelstructure.com/en/components/roof-wall-cladding-systems/,[],Steel Roof &amp; Wall Cladding Systems | ZhongSai,Steel Roof & Wall Cladding Systems for Steel Buildings,https://zhongsai-steelstructure.com/en/components/roof-wall-cladding-systems/,https://zhongsai-steelstructure.com/en/components/roof-wall-cladding-systems/,,https://zhongsai-steelstructure.com/en/components/roof-wall-cladding-systems/,False,
NON_SLASH,https://zhongsai-steelstructure.com/en/components/steel-purlins,200,https://zhongsai-steelstructure.com/en/components/steel-purlins/,[],Steel Purlins | C Purlins &amp; Z Purlins Cold-Formed for Roof and Wall | ZhongSai,C Purlins & Z PurlinsCold-Formed to Project Specs,https://zhongsai-steelstructure.com/en/components/steel-purlins/,https://zhongsai-steelstructure.com/en/components/steel-purlins/,,https://zhongsai-steelstructure.com/en/components/steel-purlins/,False,
NON_SLASH,https://zhongsai-steelstructure.com/en/components/steel-trusses,200,https://zhongsai-steelstructure.com/en/components/steel-trusses/,[],"Steel Trusses | Roof Trusses, Pipe Trusses &amp; Transfer Trusses Fabricated to Drawings | ZhongSai",Custom Steel TrussesFabricated to Drawings,https://zhongsai-steelstructure.com/en/components/steel-trusses/,https://zhongsai-steelstructure.com/en/components/steel-trusses/,,https://zhongsai-steelstructure.com/en/components/steel-trusses/,False,
NON_SLASH,https://zhongsai-steelstructure.com/en/contact,200,https://zhongsai-steelstructure.com/en/contact/,[],Contact ZhongSai Steel Structure | Project Inquiry &amp; Quote,Send Your Steel Structure Project Requirements,https://zhongsai-steelstructure.com/en/contact/,https://zhongsai-steelstructure.com/en/contact/,,https://zhongsai-steelstructure.com/en/contact/,False,
NON_SLASH,https://zhongsai-steelstructure.com/en/engineering-design,200,https://zhongsai-steelstructure.com/en/engineering-design/,[],Steel Building Design Services | Engineering for Fabrication | ZhongSai,Steel Building Design Services for Fabrication & Export Projects,https://zhongsai-steelstructure.com/en/engineering-design/,https://zhongsai-steelstructure.com/en/engineering-design/,,https://zhongsai-steelstructure.com/en/engineering-design/,False,
NON_SLASH,https://zhongsai-steelstructure.com/en/export-delivery,200,https://zhongsai-steelstructure.com/en/export-delivery/,[],"Steel Structure Export from China | Packing, Loading &amp; Delivery Support",Steel Structure Export Supply from China,https://zhongsai-steelstructure.com/en/export-delivery/,https://zhongsai-steelstructure.com/en/export-delivery/,,https://zhongsai-steelstructure.com/en/export-delivery/,False,
NON_SLASH,https://zhongsai-steelstructure.com/en/manufacturing-quality,200,https://zhongsai-steelstructure.com/en/manufacturing-quality/,[],Steel Structure Manufacturing &amp; Quality Control | ZhongSai,Steel Structure Manufacturing& Quality Control,https://zhongsai-steelstructure.com/en/manufacturing-quality/,https://zhongsai-steelstructure.com/en/manufacturing-quality/,,https://zhongsai-steelstructure.com/en/manufacturing-quality/,False,
NON_SLASH,https://zhongsai-steelstructure.com/en/privacy,200,https://zhongsai-steelstructure.com/en/privacy/,[],Privacy Policy | ZhongSai Steel Structure,Privacy Policy,https://zhongsai-steelstructure.com/en/privacy/,https://zhongsai-steelstructure.com/en/privacy/,,https://zhongsai-steelstructure.com/en/privacy/,False,
NON_SLASH,https://zhongsai-steelstructure.com/en/products,200,https://zhongsai-steelstructure.com/en/products/,[],"Steel Structure Solutions by Application | Industrial, Warehouse, Agriculture, Commercial | ZhongSai",Steel Structure Solutionsby Building Application,https://zhongsai-steelstructure.com/en/products/,https://zhongsai-steelstructure.com/en/products/,,https://zhongsai-steelstructure.com/en/products/,False,
NON_SLASH,https://zhongsai-steelstructure.com/en/products/custom-engineering,200,https://zhongsai-steelstructure.com/en/products/custom-engineering/,[],Structural Steel Fabrication in China | Custom Fabrication | ZhongSai,Structural Steel Fabrication in China for Overseas Projects,https://zhongsai-steelstructure.com/en/products/custom-engineering/,https://zhongsai-steelstructure.com/en/products/custom-engineering/,,https://zhongsai-steelstructure.com/en/products/custom-engineering/,False,
NON_SLASH,https://zhongsai-steelstructure.com/en/projects,200,https://zhongsai-steelstructure.com/en/projects/,[],Selected Steel Structure Projects | ZhongSai Manufacturing References,Selected Steel Structure Projects,https://zhongsai-steelstructure.com/en/projects/,https://zhongsai-steelstructure.com/en/projects/,,https://zhongsai-steelstructure.com/en/projects/,False,
NON_SLASH,https://zhongsai-steelstructure.com/en/projects/cnooc-pr6-pipe-rack,200,https://zhongsai-steelstructure.com/en/projects/cnooc-pr6-pipe-rack/,[],CNOOC PR6 Pipe Rack 4-SS2 Frame Project | ZhongSai Steel Structure Projects,CNOOC PR6 Pipe Rack 4-SS2 Frame Project,https://zhongsai-steelstructure.com/en/projects/cnooc-pr6-pipe-rack/,https://zhongsai-steelstructure.com/en/projects/cnooc-pr6-pipe-rack/,,https://zhongsai-steelstructure.com/en/projects/cnooc-pr6-pipe-rack/,False,
NON_SLASH,https://zhongsai-steelstructure.com/en/projects/cnpc-cracking-furnace,200,https://zhongsai-steelstructure.com/en/projects/cnpc-cracking-furnace/,[],CNPC Sixth Construction Cracking Furnace Project | ZhongSai Steel Structure Projects,CNPC Sixth Construction Cracking Furnace Project,https://zhongsai-steelstructure.com/en/projects/cnpc-cracking-furnace/,https://zhongsai-steelstructure.com/en/projects/cnpc-cracking-furnace/,,https://zhongsai-steelstructure.com/en/projects/cnpc-cracking-furnace/,False,
NON_SLASH,https://zhongsai-steelstructure.com/en/projects/cnpc-liquid-furnace,200,https://zhongsai-steelstructure.com/en/projects/cnpc-liquid-furnace/,[],CNPC Sixth Construction Liquid Furnace Project | ZhongSai Steel Structure Projects,CNPC Sixth Construction Liquid Furnace Project,https://zhongsai-steelstructure.com/en/projects/cnpc-liquid-furnace/,https://zhongsai-steelstructure.com/en/projects/cnpc-liquid-furnace/,,https://zhongsai-steelstructure.com/en/projects/cnpc-liquid-furnace/,False,
NON_SLASH,https://zhongsai-steelstructure.com/en/projects/dongguan-huarun-center,200,https://zhongsai-steelstructure.com/en/projects/dongguan-huarun-center/,[],Dongguan Huarun Land Center Commercial &amp; Residential Building Project | ZhongSai Steel Structure Projects,Dongguan Huarun Land Center Commercial &amp; Residential Building Project,https://zhongsai-steelstructure.com/en/projects/dongguan-huarun-center/,https://zhongsai-steelstructure.com/en/projects/dongguan-huarun-center/,,https://zhongsai-steelstructure.com/en/projects/dongguan-huarun-center/,False,
NON_SLASH,https://zhongsai-steelstructure.com/en/projects/futian-bonded-zone-customs,200,https://zhongsai-steelstructure.com/en/projects/futian-bonded-zone-customs/,[],Shenzhen Futian Bonded Zone Customs Infrastructure Upgrade and Renovation Project | ZhongSai Steel Structure Projects,Shenzhen Futian Bonded Zone Customs Infrastructure Upgrade and Renovation Project,https://zhongsai-steelstructure.com/en/projects/futian-bonded-zone-customs/,https://zhongsai-steelstructure.com/en/projects/futian-bonded-zone-customs/,,https://zhongsai-steelstructure.com/en/projects/futian-bonded-zone-customs/,False,
NON_SLASH,https://zhongsai-steelstructure.com/en/projects/guangzhou-high-end-equipment-base,200,https://zhongsai-steelstructure.com/en/projects/guangzhou-high-end-equipment-base/,[],Guangzhou Gongkong Greater Bay Area Modern High-End Equipment R&amp;D and Production Base | ZhongSai Steel Structure Projects,Guangzhou Gongkong Greater Bay Area Modern High-End Equipment R&amp;D and Production Base,https://zhongsai-steelstructure.com/en/projects/guangzhou-high-end-equipment-base/,https://zhongsai-steelstructure.com/en/projects/guangzhou-high-end-equipment-base/,,https://zhongsai-steelstructure.com/en/projects/guangzhou-high-end-equipment-base/,False,
NON_SLASH,https://zhongsai-steelstructure.com/en/projects/luohu-mixc-skybridge,200,https://zhongsai-steelstructure.com/en/projects/luohu-mixc-skybridge/,[],Shenzhen Luohu Mixc Commercial Center Skybridge Project | ZhongSai Steel Structure Projects,Shenzhen Luohu Mixc Commercial Center Skybridge Project,https://zhongsai-steelstructure.com/en/projects/luohu-mixc-skybridge/,https://zhongsai-steelstructure.com/en/projects/luohu-mixc-skybridge/,,https://zhongsai-steelstructure.com/en/projects/luohu-mixc-skybridge/,False,
NON_SLASH,https://zhongsai-steelstructure.com/en/projects/macau-city-of-dreams-phase2,200,https://zhongsai-steelstructure.com/en/projects/macau-city-of-dreams-phase2/,[],Macau City of Dreams Phase 2 | ZhongSai Steel Structure Projects,Macau City of Dreams Phase 2,https://zhongsai-steelstructure.com/en/projects/macau-city-of-dreams-phase2/,https://zhongsai-steelstructure.com/en/projects/macau-city-of-dreams-phase2/,,https://zhongsai-steelstructure.com/en/projects/macau-city-of-dreams-phase2/,False,
NON_SLASH,https://zhongsai-steelstructure.com/en/projects/macau-londoner,200,https://zhongsai-steelstructure.com/en/projects/macau-londoner/,[],Macau Londoner Project | ZhongSai Steel Structure Projects,Macau Londoner Project,https://zhongsai-steelstructure.com/en/projects/macau-londoner/,https://zhongsai-steelstructure.com/en/projects/macau-londoner/,,https://zhongsai-steelstructure.com/en/projects/macau-londoner/,False,
NON_SLASH,https://zhongsai-steelstructure.com/en/projects/qianhai-dreamfactory,200,https://zhongsai-steelstructure.com/en/projects/qianhai-dreamfactory/,[],Shenzhen Qianhai Shenzhen-Hong Kong Youth Dream Factory Project | ZhongSai Steel Structure Projects,Shenzhen Qianhai Shenzhen-Hong Kong Youth Dream Factory Project,https://zhongsai-steelstructure.com/en/projects/qianhai-dreamfactory/,https://zhongsai-steelstructure.com/en/projects/qianhai-dreamfactory/,,https://zhongsai-steelstructure.com/en/projects/qianhai-dreamfactory/,False,
NON_SLASH,https://zhongsai-steelstructure.com/en/projects/shantou-luxshare-electronics-center,200,https://zhongsai-steelstructure.com/en/projects/shantou-luxshare-electronics-center/,[],Shantou Luxshare Precision Global Electronic Information Industry Center Project | ZhongSai Steel Structure Projects,Shantou Luxshare Precision Global Electronic Information Industry Center Project,https://zhongsai-steelstructure.com/en/projects/shantou-luxshare-electronics-center/,https://zhongsai-steelstructure.com/en/projects/shantou-luxshare-electronics-center/,,https://zhongsai-steelstructure.com/en/projects/shantou-luxshare-electronics-center/,False,
NON_SLASH,https://zhongsai-steelstructure.com/en/projects/singapore-airport-t2-connect,200,https://zhongsai-steelstructure.com/en/projects/singapore-airport-t2-connect/,[],Singapore Changi Airport T2 Connect | ZhongSai Steel Structure Projects,Singapore Changi Airport T2 Connect,https://zhongsai-steelstructure.com/en/projects/singapore-airport-t2-connect/,https://zhongsai-steelstructure.com/en/projects/singapore-airport-t2-connect/,,https://zhongsai-steelstructure.com/en/projects/singapore-airport-t2-connect/,False,
NON_SLASH,https://zhongsai-steelstructure.com/en/projects/singapore-cr101-depot,200,https://zhongsai-steelstructure.com/en/projects/singapore-cr101-depot/,[],Singapore LTA CR101 MRT Depot | ZhongSai Steel Structure Projects,Singapore LTA CR101 MRT Depot,https://zhongsai-steelstructure.com/en/projects/singapore-cr101-depot/,https://zhongsai-steelstructure.com/en/projects/singapore-cr101-depot/,,https://zhongsai-steelstructure.com/en/projects/singapore-cr101-depot/,False,
NON_SLASH,https://zhongsai-steelstructure.com/en/projects/singapore-j102-mrt-station,200,https://zhongsai-steelstructure.com/en/projects/singapore-j102-mrt-station/,[],Singapore LTA J102 MRT Station | ZhongSai Steel Structure Projects,Singapore LTA J102 MRT Station,https://zhongsai-steelstructure.com/en/projects/singapore-j102-mrt-station/,https://zhongsai-steelstructure.com/en/projects/singapore-j102-mrt-station/,,https://zhongsai-steelstructure.com/en/projects/singapore-j102-mrt-station/,False,
NON_SLASH,https://zhongsai-steelstructure.com/en/projects/singapore-j107-mrt-station,200,https://zhongsai-steelstructure.com/en/projects/singapore-j107-mrt-station/,[],Singapore LTA J107 MRT Station | ZhongSai Steel Structure Projects,Singapore LTA J107 MRT Station,https://zhongsai-steelstructure.com/en/projects/singapore-j107-mrt-station/,https://zhongsai-steelstructure.com/en/projects/singapore-j107-mrt-station/,,https://zhongsai-steelstructure.com/en/projects/singapore-j107-mrt-station/,False,
NON_SLASH,https://zhongsai-steelstructure.com/en/projects/singapore-mcc-innocentre,200,https://zhongsai-steelstructure.com/en/projects/singapore-mcc-innocentre/,[],Singapore MCC Innocentre | ZhongSai Steel Structure Projects,Singapore MCC Innocentre,https://zhongsai-steelstructure.com/en/projects/singapore-mcc-innocentre/,https://zhongsai-steelstructure.com/en/projects/singapore-mcc-innocentre/,,https://zhongsai-steelstructure.com/en/projects/singapore-mcc-innocentre/,False,
NON_SLASH,https://zhongsai-steelstructure.com/en/projects/singapore-sats-bup-centre,200,https://zhongsai-steelstructure.com/en/projects/singapore-sats-bup-centre/,[],Singapore Changi Airport SATS BUP Centre | ZhongSai Steel Structure Projects,Singapore Changi Airport SATS BUP Centre,https://zhongsai-steelstructure.com/en/projects/singapore-sats-bup-centre/,https://zhongsai-steelstructure.com/en/projects/singapore-sats-bup-centre/,,https://zhongsai-steelstructure.com/en/projects/singapore-sats-bup-centre/,False,
NON_SLASH,https://zhongsai-steelstructure.com/en/projects/singapore-sentosa-waterfront-hotel,200,https://zhongsai-steelstructure.com/en/projects/singapore-sentosa-waterfront-hotel/,[],Singapore Sentosa Waterfront Hotel | ZhongSai Steel Structure Projects,Singapore Sentosa Waterfront Hotel,https://zhongsai-steelstructure.com/en/projects/singapore-sentosa-waterfront-hotel/,https://zhongsai-steelstructure.com/en/projects/singapore-sentosa-waterfront-hotel/,,https://zhongsai-steelstructure.com/en/projects/singapore-sentosa-waterfront-hotel/,False,
NON_SLASH,https://zhongsai-steelstructure.com/en/projects/xiegang-aviation-manufacturing,200,https://zhongsai-steelstructure.com/en/projects/xiegang-aviation-manufacturing/,[],Shanghai Baoye Xiegang General Aviation Manufacturing &amp; Supply Chain Project | ZhongSai Steel Structure Projects,Shanghai Baoye Xiegang General Aviation Manufacturing &amp; Supply Chain Project,https://zhongsai-steelstructure.com/en/projects/xiegang-aviation-manufacturing/,https://zhongsai-steelstructure.com/en/projects/xiegang-aviation-manufacturing/,,https://zhongsai-steelstructure.com/en/projects/xiegang-aviation-manufacturing/,False,
NON_SLASH,https://zhongsai-steelstructure.com/en/projects/yixian-biotech-manufacturing,200,https://zhongsai-steelstructure.com/en/projects/yixian-biotech-manufacturing/,[],Guangdong Yixian Biotechnology High-End Manufacturing Plant Project | ZhongSai Steel Structure Projects,Guangdong Yixian Biotechnology High-End Manufacturing Plant Project,https://zhongsai-steelstructure.com/en/projects/yixian-biotech-manufacturing/,https://zhongsai-steelstructure.com/en/projects/yixian-biotech-manufacturing/,,https://zhongsai-steelstructure.com/en/projects/yixian-biotech-manufacturing/,False,
NON_SLASH,https://zhongsai-steelstructure.com/en/projects/zhanjiang-logistics-port,200,https://zhongsai-steelstructure.com/en/projects/zhanjiang-logistics-port/,[],Shenzhen International Zhanjiang Comprehensive Logistics Port Project | ZhongSai Steel Structure Projects,Shenzhen International Zhanjiang Comprehensive Logistics Port Project,https://zhongsai-steelstructure.com/en/projects/zhanjiang-logistics-port/,https://zhongsai-steelstructure.com/en/projects/zhanjiang-logistics-port/,,https://zhongsai-steelstructure.com/en/projects/zhanjiang-logistics-port/,False,
NON_SLASH,https://zhongsai-steelstructure.com/en/services/structural-steel-detailing,200,https://zhongsai-steelstructure.com/en/services/structural-steel-detailing/,[],Structural Steel Detailing Services | Shop &amp; Fabrication Drawings | ZhongSai,Structural Steel Detailing Services for Fabrication,https://zhongsai-steelstructure.com/en/services/structural-steel-detailing/,https://zhongsai-steelstructure.com/en/services/structural-steel-detailing/,,https://zhongsai-steelstructure.com/en/services/structural-steel-detailing/,False,
NON_SLASH,https://zhongsai-steelstructure.com/en/steel-mining-factory,200,https://zhongsai-steelstructure.com/en/steel-mining-factory/,[],Steel Structures for Mining &amp; Heavy Industrial Projects | ZhongSai,Steel Structures for Mining & Heavy Industrial Applications,https://zhongsai-steelstructure.com/en/steel-mining-factory/,https://zhongsai-steelstructure.com/en/steel-mining-factory/,,https://zhongsai-steelstructure.com/en/steel-mining-factory/,False,
NON_SLASH,https://zhongsai-steelstructure.com/en/steel-warehouse,200,https://zhongsai-steelstructure.com/en/steel-warehouse/,[],Steel Structure Warehouse | Prefabricated Warehouse Building | ZhongSai,Steel Structure Warehouse & Logistics Building,https://zhongsai-steelstructure.com/en/steel-warehouse/,https://zhongsai-steelstructure.com/en/steel-warehouse/,,https://zhongsai-steelstructure.com/en/steel-warehouse/,False,
NON_SLASH,https://zhongsai-steelstructure.com/en/steel-workshop,200,https://zhongsai-steelstructure.com/en/steel-workshop/,[],Steel Structure Workshop | Industrial Factory Building | ZhongSai,Steel Structure Workshop for Industrial Manufacturing Projects,https://zhongsai-steelstructure.com/en/steel-workshop/,https://zhongsai-steelstructure.com/en/steel-workshop/,,https://zhongsai-steelstructure.com/en/steel-workshop/,False,
NON_SLASH,https://zhongsai-steelstructure.com/en/terms,200,https://zhongsai-steelstructure.com/en/terms/,[],Terms of Use | ZhongSai Steel Structure,Terms of Use,https://zhongsai-steelstructure.com/en/terms/,https://zhongsai-steelstructure.com/en/terms/,,https://zhongsai-steelstructure.com/en/terms/,False,
NON_SLASH,https://zhongsai-steelstructure.com/zh/about,200,https://zhongsai-steelstructure.com/zh/about/,[],关于中赛钢构 | 钢结构制造与出口供应商,面向海外项目的钢结构制造与出口供应,https://zhongsai-steelstructure.com/zh/about/,https://zhongsai-steelstructure.com/en/about/,,https://zhongsai-steelstructure.com/en/about/,False,
NON_SLASH,https://zhongsai-steelstructure.com/zh/blog/gangjiegou-changfang-zaojia-zhinan,200,https://zhongsai-steelstructure.com/zh/blog/gangjiegou-changfang-zaojia-zhinan/,[],钢结构厂房造价影响因素完整指南 | 中赛钢构,钢结构厂房造价影响因素完整指南 | 中赛钢构,https://zhongsai-steelstructure.com/zh/blog/gangjiegou-changfang-zaojia-zhinan/,https://zhongsai-steelstructure.com/zh/blog/gangjiegou-changfang-zaojia-zhinan/,,https://zhongsai-steelstructure.com/zh/blog/gangjiegou-changfang-zaojia-zhinan/,False,
NON_SLASH,https://zhongsai-steelstructure.com/zh/blog/gangjiegou-gongchang-xuanze-zhinan,200,https://zhongsai-steelstructure.com/zh/blog/gangjiegou-gongchang-xuanze-zhinan/,[],如何选择中国钢结构厂家：海外采购完整评估指南,如何选择中国钢结构厂家,https://zhongsai-steelstructure.com/zh/blog/gangjiegou-gongchang-xuanze-zhinan/,https://zhongsai-steelstructure.com/en/blog/gangjiegou-gongchang-xuanze-zhinan/,,https://zhongsai-steelstructure.com/en/blog/gangjiegou-gongchang-xuanze-zhinan/,False,
NON_SLASH,https://zhongsai-steelstructure.com/zh/blog/zh/common-mistakes-importing-steel-structures-china.md,404,https://zhongsai-steelstructure.com/zh/blog/zh/common-mistakes-importing-steel-structures-china.md,[],,,,,,,False,
NON_SLASH,https://zhongsai-steelstructure.com/zh/blog/zh/how-to-steel-structure-cost.md,404,https://zhongsai-steelstructure.com/zh/blog/zh/how-to-steel-structure-cost.md,[],,,,,,,False,
NON_SLASH,https://zhongsai-steelstructure.com/zh/blog/zh/import-steel-from-china-cost.md,404,https://zhongsai-steelstructure.com/zh/blog/zh/import-steel-from-china-cost.md,[],,,,,,,False,
NON_SLASH,https://zhongsai-steelstructure.com/zh/blog/zh/steel-grades-explained-q235-q345.md,404,https://zhongsai-steelstructure.com/zh/blog/zh/steel-grades-explained-q235-q345.md,[],,,,,,,False,
NON_SLASH,https://zhongsai-steelstructure.com/zh/blog/zh/steel-structure-building-lifespan-guide.md,404,https://zhongsai-steelstructure.com/zh/blog/zh/steel-structure-building-lifespan-guide.md,[],,,,,,,False,
NON_SLASH,https://zhongsai-steelstructure.com/zh/blog/zh/steel-structure-corrosion-protection-coating-guide.md,404,https://zhongsai-steelstructure.com/zh/blog/zh/steel-structure-corrosion-protection-coating-guide.md,[],,,,,,,False,
NON_SLASH,https://zhongsai-steelstructure.com/zh/blog/zh/steel-structure-fabrication-drawings-documents-required.md,404,https://zhongsai-steelstructure.com/zh/blog/zh/steel-structure-fabrication-drawings-documents-required.md,[],,,,,,,False,
NON_SLASH,https://zhongsai-steelstructure.com/zh/blog/zh/steel-structure-installation-guide.md,404,https://zhongsai-steelstructure.com/zh/blog/zh/steel-structure-installation-guide.md,[],,,,,,,False,
NON_SLASH,https://zhongsai-steelstructure.com/zh/blog/zh/steel-structure-surface-treatment-coating-guide.md,404,https://zhongsai-steelstructure.com/zh/blog/zh/steel-structure-surface-treatment-coating-guide.md,[],,,,,,,False,
NON_SLASH,https://zhongsai-steelstructure.com/zh/blog/zh/steel-structure-welding-quality-control-guide.md,404,https://zhongsai-steelstructure.com/zh/blog/zh/steel-structure-welding-quality-control-guide.md,[],,,,,,,False,
NON_SLASH,https://zhongsai-steelstructure.com/zh/components,200,https://zhongsai-steelstructure.com/zh/components/,[],钢构件与围护系统｜钢梁、钢柱、桁架、檩条、彩钢板｜中赛钢构,按图纸定制加工钢构件与围护系统,https://zhongsai-steelstructure.com/zh/components/,https://zhongsai-steelstructure.com/en/components/,,https://zhongsai-steelstructure.com/en/components/,False,
NON_SLASH,https://zhongsai-steelstructure.com/zh/components/fabricated-steel-beams-columns,200,https://zhongsai-steelstructure.com/zh/components/fabricated-steel-beams-columns/,[],钢梁与钢柱按图加工 | 定制钢结构构件 | 中赛钢构,按项目图纸加工的钢梁与钢柱,https://zhongsai-steelstructure.com/zh/components/fabricated-steel-beams-columns/,https://zhongsai-steelstructure.com/en/components/fabricated-steel-beams-columns/,,https://zhongsai-steelstructure.com/en/components/fabricated-steel-beams-columns/,False,
NON_SLASH,https://zhongsai-steelstructure.com/zh/components/roof-wall-cladding-systems,200,https://zhongsai-steelstructure.com/zh/components/roof-wall-cladding-systems/,[],钢结构屋面与墙面围护系统 | 中赛钢构,钢结构建筑屋面与墙面围护系统,https://zhongsai-steelstructure.com/zh/components/roof-wall-cladding-systems/,https://zhongsai-steelstructure.com/en/components/roof-wall-cladding-systems/,,https://zhongsai-steelstructure.com/en/components/roof-wall-cladding-systems/,False,
NON_SLASH,https://zhongsai-steelstructure.com/zh/components/steel-purlins,200,https://zhongsai-steelstructure.com/zh/components/steel-purlins/,[],钢檩条｜C型钢檩条与Z型钢檩条冷弯成型｜中赛钢构,C型钢与Z型钢檩条按项目规格冷弯成型,https://zhongsai-steelstructure.com/zh/components/steel-purlins/,https://zhongsai-steelstructure.com/en/components/steel-purlins/,,https://zhongsai-steelstructure.com/en/components/steel-purlins/,False,
NON_SLASH,https://zhongsai-steelstructure.com/zh/components/steel-trusses,200,https://zhongsai-steelstructure.com/zh/components/steel-trusses/,[],钢桁架｜屋架桁架、管桁架、转换桁架按图纸定制加工｜中赛钢构,按图纸定制加工钢桁架,https://zhongsai-steelstructure.com/zh/components/steel-trusses/,https://zhongsai-steelstructure.com/en/components/steel-trusses/,,https://zhongsai-steelstructure.com/en/components/steel-trusses/,False,
NON_SLASH,https://zhongsai-steelstructure.com/zh/contact,200,https://zhongsai-steelstructure.com/zh/contact/,[],联系中赛钢构 | 项目询盘与报价需求,提交您的钢结构项目需求,https://zhongsai-steelstructure.com/zh/contact/,https://zhongsai-steelstructure.com/en/contact/,,https://zhongsai-steelstructure.com/en/contact/,False,
NON_SLASH,https://zhongsai-steelstructure.com/zh/engineering-design,200,https://zhongsai-steelstructure.com/zh/engineering-design/,[],钢结构建筑设计与制造衔接服务 | 中赛钢构,钢结构建筑设计与制造衔接服务,https://zhongsai-steelstructure.com/zh/engineering-design/,https://zhongsai-steelstructure.com/en/engineering-design/,,https://zhongsai-steelstructure.com/en/engineering-design/,False,
NON_SLASH,https://zhongsai-steelstructure.com/zh/export-delivery,200,https://zhongsai-steelstructure.com/zh/export-delivery/,[],钢结构出口交付 | 包装装柜与海外项目供应支持,钢结构制造后的出口供应与交付支持,https://zhongsai-steelstructure.com/zh/export-delivery/,https://zhongsai-steelstructure.com/en/export-delivery/,,https://zhongsai-steelstructure.com/en/export-delivery/,False,
NON_SLASH,https://zhongsai-steelstructure.com/zh/manufacturing-quality,200,https://zhongsai-steelstructure.com/zh/manufacturing-quality/,[],钢结构制造与质量控制｜中赛钢构,钢结构制造与质量控制,https://zhongsai-steelstructure.com/zh/manufacturing-quality/,https://zhongsai-steelstructure.com/en/manufacturing-quality/,,https://zhongsai-steelstructure.com/en/manufacturing-quality/,False,
NON_SLASH,https://zhongsai-steelstructure.com/zh/privacy,200,https://zhongsai-steelstructure.com/zh/privacy/,[],隐私政策 | 中赛钢构,隐私政策,https://zhongsai-steelstructure.com/zh/privacy/,https://zhongsai-steelstructure.com/en/privacy/,,https://zhongsai-steelstructure.com/en/privacy/,False,
NON_SLASH,https://zhongsai-steelstructure.com/zh/products,200,https://zhongsai-steelstructure.com/zh/products/,[],钢结构解决方案｜按建筑应用分类｜工业厂房、仓库、农业、商业、交通、矿业｜中赛钢构,按项目应用选择钢结构解决方案,https://zhongsai-steelstructure.com/zh/products/,https://zhongsai-steelstructure.com/en/products/,,https://zhongsai-steelstructure.com/en/products/,False,
NON_SLASH,https://zhongsai-steelstructure.com/zh/products/custom-engineering,200,https://zhongsai-steelstructure.com/zh/products/custom-engineering/,[],海外项目钢结构按图加工与定制制造 | 中赛钢构,海外项目钢结构按图加工与定制制造,https://zhongsai-steelstructure.com/zh/products/custom-engineering/,https://zhongsai-steelstructure.com/en/products/custom-engineering/,,https://zhongsai-steelstructure.com/en/products/custom-engineering/,False,
NON_SLASH,https://zhongsai-steelstructure.com/zh/projects,200,https://zhongsai-steelstructure.com/zh/projects/,[],精选钢结构项目案例 | 中赛钢构制造参考,精选钢结构项目案例,https://zhongsai-steelstructure.com/zh/projects/,https://zhongsai-steelstructure.com/en/projects/,,https://zhongsai-steelstructure.com/en/projects/,False,
NON_SLASH,https://zhongsai-steelstructure.com/zh/projects/cnooc-pr6-pipe-rack,200,https://zhongsai-steelstructure.com/zh/projects/cnooc-pr6-pipe-rack/,[],中海油PR6管廊4-SS2框架项目 | 中赛钢构项目案例,中海油PR6管廊4-SS2框架项目,https://zhongsai-steelstructure.com/zh/projects/cnooc-pr6-pipe-rack/,https://zhongsai-steelstructure.com/en/projects/cnooc-pr6-pipe-rack/,,https://zhongsai-steelstructure.com/en/projects/cnooc-pr6-pipe-rack/,False,
NON_SLASH,https://zhongsai-steelstructure.com/zh/projects/cnpc-cracking-furnace,200,https://zhongsai-steelstructure.com/zh/projects/cnpc-cracking-furnace/,[],中油六建裂解炉项目 | 中赛钢构项目案例,中油六建裂解炉项目,https://zhongsai-steelstructure.com/zh/projects/cnpc-cracking-furnace/,https://zhongsai-steelstructure.com/en/projects/cnpc-cracking-furnace/,,https://zhongsai-steelstructure.com/en/projects/cnpc-cracking-furnace/,False,
NON_SLASH,https://zhongsai-steelstructure.com/zh/projects/cnpc-liquid-furnace,200,https://zhongsai-steelstructure.com/zh/projects/cnpc-liquid-furnace/,[],中油六建液体炉项目 | 中赛钢构项目案例,中油六建液体炉项目,https://zhongsai-steelstructure.com/zh/projects/cnpc-liquid-furnace/,https://zhongsai-steelstructure.com/en/projects/cnpc-liquid-furnace/,,https://zhongsai-steelstructure.com/en/projects/cnpc-liquid-furnace/,False,
NON_SLASH,https://zhongsai-steelstructure.com/zh/projects/dongguan-huarun-center,200,https://zhongsai-steelstructure.com/zh/projects/dongguan-huarun-center/,[],东莞华润置地中心商业、住宅楼项目 | 中赛钢构项目案例,东莞华润置地中心商业、住宅楼项目,https://zhongsai-steelstructure.com/zh/projects/dongguan-huarun-center/,https://zhongsai-steelstructure.com/en/projects/dongguan-huarun-center/,,https://zhongsai-steelstructure.com/en/projects/dongguan-huarun-center/,False,
NON_SLASH,https://zhongsai-steelstructure.com/zh/projects/futian-bonded-zone-customs,200,https://zhongsai-steelstructure.com/zh/projects/futian-bonded-zone-customs/,[],深圳福田保税区海关基础设施升级改造工程 | 中赛钢构项目案例,深圳福田保税区海关基础设施升级改造工程,https://zhongsai-steelstructure.com/zh/projects/futian-bonded-zone-customs/,https://zhongsai-steelstructure.com/en/projects/futian-bonded-zone-customs/,,https://zhongsai-steelstructure.com/en/projects/futian-bonded-zone-customs/,False,
NON_SLASH,https://zhongsai-steelstructure.com/zh/projects/guangzhou-high-end-equipment-base,200,https://zhongsai-steelstructure.com/zh/projects/guangzhou-high-end-equipment-base/,[],广州工控大湾区现代高端装备研发生产基地 | 中赛钢构项目案例,广州工控大湾区现代高端装备研发生产基地,https://zhongsai-steelstructure.com/zh/projects/guangzhou-high-end-equipment-base/,https://zhongsai-steelstructure.com/en/projects/guangzhou-high-end-equipment-base/,,https://zhongsai-steelstructure.com/en/projects/guangzhou-high-end-equipment-base/,False,
NON_SLASH,https://zhongsai-steelstructure.com/zh/projects/luohu-mixc-skybridge,200,https://zhongsai-steelstructure.com/zh/projects/luohu-mixc-skybridge/,[],深圳罗湖万象城商业中心天桥项目 | 中赛钢构项目案例,深圳罗湖万象城商业中心天桥项目,https://zhongsai-steelstructure.com/zh/projects/luohu-mixc-skybridge/,https://zhongsai-steelstructure.com/en/projects/luohu-mixc-skybridge/,,https://zhongsai-steelstructure.com/en/projects/luohu-mixc-skybridge/,False,
NON_SLASH,https://zhongsai-steelstructure.com/zh/projects/macau-city-of-dreams-phase2,200,https://zhongsai-steelstructure.com/zh/projects/macau-city-of-dreams-phase2/,[],澳门新濠影汇二期 | 中赛钢结构项目案例,澳门新濠影汇二期,https://zhongsai-steelstructure.com/zh/projects/macau-city-of-dreams-phase2/,https://zhongsai-steelstructure.com/en/projects/macau-city-of-dreams-phase2/,,https://zhongsai-steelstructure.com/en/projects/macau-city-of-dreams-phase2/,False,
NON_SLASH,https://zhongsai-steelstructure.com/zh/projects/macau-londoner,200,https://zhongsai-steelstructure.com/zh/projects/macau-londoner/,[],澳门伦敦人项目 | 中赛钢结构项目案例,澳门伦敦人项目,https://zhongsai-steelstructure.com/zh/projects/macau-londoner/,https://zhongsai-steelstructure.com/en/projects/macau-londoner/,,https://zhongsai-steelstructure.com/en/projects/macau-londoner/,False,
NON_SLASH,https://zhongsai-steelstructure.com/zh/projects/qianhai-dreamfactory,200,https://zhongsai-steelstructure.com/zh/projects/qianhai-dreamfactory/,[],深圳前海深港青年梦工厂项目 | 中赛钢构项目案例,深圳前海深港青年梦工厂项目,https://zhongsai-steelstructure.com/zh/projects/qianhai-dreamfactory/,https://zhongsai-steelstructure.com/en/projects/qianhai-dreamfactory/,,https://zhongsai-steelstructure.com/en/projects/qianhai-dreamfactory/,False,
NON_SLASH,https://zhongsai-steelstructure.com/zh/projects/shantou-luxshare-electronics-center,200,https://zhongsai-steelstructure.com/zh/projects/shantou-luxshare-electronics-center/,[],汕头立讯精密全球电子信息产业中心项目 | 中赛钢构项目案例,汕头立讯精密全球电子信息产业中心项目,https://zhongsai-steelstructure.com/zh/projects/shantou-luxshare-electronics-center/,https://zhongsai-steelstructure.com/en/projects/shantou-luxshare-electronics-center/,,https://zhongsai-steelstructure.com/en/projects/shantou-luxshare-electronics-center/,False,
NON_SLASH,https://zhongsai-steelstructure.com/zh/projects/singapore-airport-t2-connect,200,https://zhongsai-steelstructure.com/zh/projects/singapore-airport-t2-connect/,[],新加坡樟宜机场T2连接 | 中赛钢结构项目案例,新加坡樟宜机场T2连接,https://zhongsai-steelstructure.com/zh/projects/singapore-airport-t2-connect/,https://zhongsai-steelstructure.com/en/projects/singapore-airport-t2-connect/,,https://zhongsai-steelstructure.com/en/projects/singapore-airport-t2-connect/,False,
NON_SLASH,https://zhongsai-steelstructure.com/zh/projects/singapore-cr101-depot,200,https://zhongsai-steelstructure.com/zh/projects/singapore-cr101-depot/,[],新加坡LTA CR101地铁维修站 | 中赛钢结构项目案例,新加坡LTA CR101地铁维修站,https://zhongsai-steelstructure.com/zh/projects/singapore-cr101-depot/,https://zhongsai-steelstructure.com/en/projects/singapore-cr101-depot/,,https://zhongsai-steelstructure.com/en/projects/singapore-cr101-depot/,False,
NON_SLASH,https://zhongsai-steelstructure.com/zh/projects/singapore-j102-mrt-station,200,https://zhongsai-steelstructure.com/zh/projects/singapore-j102-mrt-station/,[],新加坡LTA J102地铁站 | 中赛钢结构项目案例,新加坡LTA J102地铁站,https://zhongsai-steelstructure.com/zh/projects/singapore-j102-mrt-station/,https://zhongsai-steelstructure.com/en/projects/singapore-j102-mrt-station/,,https://zhongsai-steelstructure.com/en/projects/singapore-j102-mrt-station/,False,
NON_SLASH,https://zhongsai-steelstructure.com/zh/projects/singapore-j107-mrt-station,200,https://zhongsai-steelstructure.com/zh/projects/singapore-j107-mrt-station/,[],新加坡LTA J107地铁站 | 中赛钢结构项目案例,新加坡LTA J107地铁站,https://zhongsai-steelstructure.com/zh/projects/singapore-j107-mrt-station/,https://zhongsai-steelstructure.com/en/projects/singapore-j107-mrt-station/,,https://zhongsai-steelstructure.com/en/projects/singapore-j107-mrt-station/,False,
NON_SLASH,https://zhongsai-steelstructure.com/zh/projects/singapore-mcc-innocentre,200,https://zhongsai-steelstructure.com/zh/projects/singapore-mcc-innocentre/,[],新加坡MCC Innocentre | 中赛钢结构项目案例,新加坡MCC Innocentre,https://zhongsai-steelstructure.com/zh/projects/singapore-mcc-innocentre/,https://zhongsai-steelstructure.com/en/projects/singapore-mcc-innocentre/,,https://zhongsai-steelstructure.com/en/projects/singapore-mcc-innocentre/,False,
NON_SLASH,https://zhongsai-steelstructure.com/zh/projects/singapore-sats-bup-centre,200,https://zhongsai-steelstructure.com/zh/projects/singapore-sats-bup-centre/,[],新加坡樟宜机场SATS货运中心 | 中赛钢结构项目案例,新加坡樟宜机场SATS货运中心,https://zhongsai-steelstructure.com/zh/projects/singapore-sats-bup-centre/,https://zhongsai-steelstructure.com/en/projects/singapore-sats-bup-centre/,,https://zhongsai-steelstructure.com/en/projects/singapore-sats-bup-centre/,False,
NON_SLASH,https://zhongsai-steelstructure.com/zh/projects/singapore-sentosa-waterfront-hotel,200,https://zhongsai-steelstructure.com/zh/projects/singapore-sentosa-waterfront-hotel/,[],新加坡圣淘沙名胜世界酒店 | 中赛钢结构项目案例,新加坡圣淘沙名胜世界酒店,https://zhongsai-steelstructure.com/zh/projects/singapore-sentosa-waterfront-hotel/,https://zhongsai-steelstructure.com/en/projects/singapore-sentosa-waterfront-hotel/,,https://zhongsai-steelstructure.com/en/projects/singapore-sentosa-waterfront-hotel/,False,
NON_SLASH,https://zhongsai-steelstructure.com/zh/projects/xiegang-aviation-manufacturing,200,https://zhongsai-steelstructure.com/zh/projects/xiegang-aviation-manufacturing/,[],上海宝冶谢岗通用航空制造及供应链项目 | 中赛钢构项目案例,上海宝冶谢岗通用航空制造及供应链项目,https://zhongsai-steelstructure.com/zh/projects/xiegang-aviation-manufacturing/,https://zhongsai-steelstructure.com/en/projects/xiegang-aviation-manufacturing/,,https://zhongsai-steelstructure.com/en/projects/xiegang-aviation-manufacturing/,False,
NON_SLASH,https://zhongsai-steelstructure.com/zh/projects/yixian-biotech-manufacturing,200,https://zhongsai-steelstructure.com/zh/projects/yixian-biotech-manufacturing/,[],广东逸仙生物科技高端制造厂房项目 | 中赛钢构项目案例,广东逸仙生物科技高端制造厂房项目,https://zhongsai-steelstructure.com/zh/projects/yixian-biotech-manufacturing/,https://zhongsai-steelstructure.com/en/projects/yixian-biotech-manufacturing/,,https://zhongsai-steelstructure.com/en/projects/yixian-biotech-manufacturing/,False,
NON_SLASH,https://zhongsai-steelstructure.com/zh/projects/zhanjiang-logistics-port,200,https://zhongsai-steelstructure.com/zh/projects/zhanjiang-logistics-port/,[],深国际湛江综合物流港项目 | 中赛钢构项目案例,深国际湛江综合物流港项目,https://zhongsai-steelstructure.com/zh/projects/zhanjiang-logistics-port/,https://zhongsai-steelstructure.com/en/projects/zhanjiang-logistics-port/,,https://zhongsai-steelstructure.com/en/projects/zhanjiang-logistics-port/,False,
NON_SLASH,https://zhongsai-steelstructure.com/zh/services/structural-steel-detailing,200,https://zhongsai-steelstructure.com/zh/services/structural-steel-detailing/,[],钢结构深化设计与加工图服务 | 中赛钢构,钢结构深化设计与加工图服务,https://zhongsai-steelstructure.com/zh/services/structural-steel-detailing/,https://zhongsai-steelstructure.com/en/services/structural-steel-detailing/,,https://zhongsai-steelstructure.com/en/services/structural-steel-detailing/,False,
NON_SLASH,https://zhongsai-steelstructure.com/zh/steel-mining-factory,200,https://zhongsai-steelstructure.com/zh/steel-mining-factory/,[],矿业与重型工业钢结构解决方案 | 中赛钢构,矿业与重型工业钢结构解决方案,https://zhongsai-steelstructure.com/zh/steel-mining-factory/,https://zhongsai-steelstructure.com/en/steel-mining-factory/,,https://zhongsai-steelstructure.com/en/steel-mining-factory/,False,
NON_SLASH,https://zhongsai-steelstructure.com/zh/steel-warehouse,200,https://zhongsai-steelstructure.com/zh/steel-warehouse/,[],钢结构仓库与物流建筑 | 中赛钢构,钢结构仓库与物流建筑,https://zhongsai-steelstructure.com/zh/steel-warehouse/,https://zhongsai-steelstructure.com/en/steel-warehouse/,,https://zhongsai-steelstructure.com/en/steel-warehouse/,False,
NON_SLASH,https://zhongsai-steelstructure.com/zh/steel-workshop,200,https://zhongsai-steelstructure.com/zh/steel-workshop/,[],钢结构工业厂房与生产车间 | 中赛钢构,钢结构工业厂房与生产车间,https://zhongsai-steelstructure.com/zh/steel-workshop/,https://zhongsai-steelstructure.com/en/steel-workshop/,,https://zhongsai-steelstructure.com/en/steel-workshop/,False,
NON_SLASH,https://zhongsai-steelstructure.com/zh/terms,200,https://zhongsai-steelstructure.com/zh/terms/,[],使用条款 | 中赛钢构,使用条款,https://zhongsai-steelstructure.com/zh/terms/,https://zhongsai-steelstructure.com/en/terms/,,https://zhongsai-steelstructure.com/en/terms/,False,
OLD_PRODUCT,https://zhongsai-steelstructure.com/en/products/agricultural,404,https://zhongsai-steelstructure.com/en/products/agricultural,[],,,,,,,False,
OLD_PRODUCT,https://zhongsai-steelstructure.com/en/products/commercial,404,https://zhongsai-steelstructure.com/en/products/commercial,[],,,,,,,False,
OLD_PRODUCT,https://zhongsai-steelstructure.com/en/products/industrial,404,https://zhongsai-steelstructure.com/en/products/industrial,[],,,,,,,False,
OLD_PRODUCT,https://zhongsai-steelstructure.com/en/products/mining,404,https://zhongsai-steelstructure.com/en/products/mining,[],,,,,,,False,
OLD_PRODUCT,https://zhongsai-steelstructure.com/en/products/steel-factory,404,https://zhongsai-steelstructure.com/en/products/steel-factory,[],,,,,,,False,
OLD_PRODUCT,https://zhongsai-steelstructure.com/en/products/steel-hangar,404,https://zhongsai-steelstructure.com/en/products/steel-hangar,[],,,,,,,False,
OLD_PRODUCT,https://zhongsai-steelstructure.com/en/products/steel-warehouse,404,https://zhongsai-steelstructure.com/en/products/steel-warehouse,[],,,,,,,False,
OLD_PRODUCT,https://zhongsai-steelstructure.com/en/products/steel-workshop,404,https://zhongsai-steelstructure.com/en/products/steel-workshop,[],,,,,,,False,
OLD_PRODUCT,https://zhongsai-steelstructure.com/zh/products/agricultural,404,https://zhongsai-steelstructure.com/zh/products/agricultural,[],,,,,,,False,
OLD_PRODUCT,https://zhongsai-steelstructure.com/zh/products/commercial,404,https://zhongsai-steelstructure.com/zh/products/commercial,[],,,,,,,False,
OLD_PRODUCT,https://zhongsai-steelstructure.com/zh/products/industrial,404,https://zhongsai-steelstructure.com/zh/products/industrial,[],,,,,,,False,
OLD_PRODUCT,https://zhongsai-steelstructure.com/zh/products/mining,404,https://zhongsai-steelstructure.com/zh/products/mining,[],,,,,,,False,
OLD_PRODUCT,https://zhongsai-steelstructure.com/zh/products/steel-factory,404,https://zhongsai-steelstructure.com/zh/products/steel-factory,[],,,,,,,False,
OLD_PRODUCT,https://zhongsai-steelstructure.com/zh/products/steel-hangar,404,https://zhongsai-steelstructure.com/zh/products/steel-hangar,[],,,,,,,False,
OLD_PRODUCT,https://zhongsai-steelstructure.com/zh/products/steel-warehouse,404,https://zhongsai-steelstructure.com/zh/products/steel-warehouse,[],,,,,,,False,
OLD_PRODUCT,https://zhongsai-steelstructure.com/zh/products/steel-workshop,404,https://zhongsai-steelstructure.com/zh/products/steel-workshop,[],,,,,,,False,
OLD_PRODUCT_SLASH,https://zhongsai-steelstructure.com/en/products/agricultural/,404,https://zhongsai-steelstructure.com/en/products/agricultural/,[],,,,,,,False,
OLD_PRODUCT_SLASH,https://zhongsai-steelstructure.com/en/products/commercial/,404,https://zhongsai-steelstructure.com/en/products/commercial/,[],,,,,,,False,
OLD_PRODUCT_SLASH,https://zhongsai-steelstructure.com/en/products/industrial/,200,https://zhongsai-steelstructure.com/en/products/,[],"Steel Structure Solutions by Application | Industrial, Warehouse, Agriculture, Commercial | ZhongSai",Steel Structure Solutionsby Building Application,https://zhongsai-steelstructure.com/en/products/,https://zhongsai-steelstructure.com/en/products/,,https://zhongsai-steelstructure.com/en/products/,False,
OLD_PRODUCT_SLASH,https://zhongsai-steelstructure.com/en/products/mining/,404,https://zhongsai-steelstructure.com/en/products/mining/,[],,,,,,,False,
OLD_PRODUCT_SLASH,https://zhongsai-steelstructure.com/en/products/steel-factory/,404,https://zhongsai-steelstructure.com/en/products/steel-factory/,[],,,,,,,False,
OLD_PRODUCT_SLASH,https://zhongsai-steelstructure.com/en/products/steel-hangar/,404,https://zhongsai-steelstructure.com/en/products/steel-hangar/,[],,,,,,,False,
OLD_PRODUCT_SLASH,https://zhongsai-steelstructure.com/en/products/steel-warehouse/,404,https://zhongsai-steelstructure.com/en/products/steel-warehouse/,[],,,,,,,False,
OLD_PRODUCT_SLASH,https://zhongsai-steelstructure.com/en/products/steel-workshop/,404,https://zhongsai-steelstructure.com/en/products/steel-workshop/,[],,,,,,,False,
OLD_PRODUCT_SLASH,https://zhongsai-steelstructure.com/zh/products/agricultural/,404,https://zhongsai-steelstructure.com/zh/products/agricultural/,[],,,,,,,False,
OLD_PRODUCT_SLASH,https://zhongsai-steelstructure.com/zh/products/commercial/,404,https://zhongsai-steelstructure.com/zh/products/commercial/,[],,,,,,,False,
OLD_PRODUCT_SLASH,https://zhongsai-steelstructure.com/zh/products/industrial/,200,https://zhongsai-steelstructure.com/zh/products/,[],钢结构解决方案｜按建筑应用分类｜工业厂房、仓库、农业、商业、交通、矿业｜中赛钢构,按项目应用选择钢结构解决方案,https://zhongsai-steelstructure.com/zh/products/,https://zhongsai-steelstructure.com/en/products/,,https://zhongsai-steelstructure.com/en/products/,False,
OLD_PRODUCT_SLASH,https://zhongsai-steelstructure.com/zh/products/mining/,404,https://zhongsai-steelstructure.com/zh/products/mining/,[],,,,,,,False,
OLD_PRODUCT_SLASH,https://zhongsai-steelstructure.com/zh/products/steel-factory/,404,https://zhongsai-steelstructure.com/zh/products/steel-factory/,[],,,,,,,False,
OLD_PRODUCT_SLASH,https://zhongsai-steelstructure.com/zh/products/steel-hangar/,404,https://zhongsai-steelstructure.com/zh/products/steel-hangar/,[],,,,,,,False,
OLD_PRODUCT_SLASH,https://zhongsai-steelstructure.com/zh/products/steel-warehouse/,404,https://zhongsai-steelstructure.com/zh/products/steel-warehouse/,[],,,,,,,False,
OLD_PRODUCT_SLASH,https://zhongsai-steelstructure.com/zh/products/steel-workshop/,404,https://zhongsai-steelstructure.com/zh/products/steel-workshop/,[],,,,,,,False,
ROOT,https://zhongsai-steelstructure.com/,200,https://zhongsai-steelstructure.com/en/,[],"ZhongSai Steel Structure | Design, Detailing, Fabrication &amp; Global Export Delivery",From Drawings toConstruction Site,https://zhongsai-steelstructure.com/en/,https://zhongsai-steelstructure.com/en/,,https://zhongsai-steelstructure.com/en/,False,
ROOT_NO_SLASH,https://zhongsai-steelstructure.com,200,https://zhongsai-steelstructure.com/en/,[],"ZhongSai Steel Structure | Design, Detailing, Fabrication &amp; Global Export Delivery",From Drawings toConstruction Site,https://zhongsai-steelstructure.com/en/,https://zhongsai-steelstructure.com/en/,,https://zhongsai-steelstructure.com/en/,False,
SITEMAP_SLASH,https://zhongsai-steelstructure.com/en/,200,https://zhongsai-steelstructure.com/en/,[],"ZhongSai Steel Structure | Design, Detailing, Fabrication &amp; Global Export Delivery",From Drawings toConstruction Site,https://zhongsai-steelstructure.com/en/,https://zhongsai-steelstructure.com/en/,,https://zhongsai-steelstructure.com/en/,True,
SITEMAP_SLASH,https://zhongsai-steelstructure.com/en/about/,200,https://zhongsai-steelstructure.com/en/about/,[],About ZhongSai Steel Structure | Steel Structure Manufacturing &amp; Export,Steel Structure Manufacturing for Overseas Projects,https://zhongsai-steelstructure.com/en/about/,https://zhongsai-steelstructure.com/en/about/,,https://zhongsai-steelstructure.com/en/about/,True,
SITEMAP_SLASH,https://zhongsai-steelstructure.com/en/blog/en/common-mistakes-importing-steel-structures-china.md/,404,https://zhongsai-steelstructure.com/en/blog/en/common-mistakes-importing-steel-structures-china.md/,[],,,,,,,True,
SITEMAP_SLASH,https://zhongsai-steelstructure.com/en/blog/en/how-to-steel-structure-cost.md/,404,https://zhongsai-steelstructure.com/en/blog/en/how-to-steel-structure-cost.md/,[],,,,,,,True,
SITEMAP_SLASH,https://zhongsai-steelstructure.com/en/blog/en/import-steel-from-china-cost.md/,404,https://zhongsai-steelstructure.com/en/blog/en/import-steel-from-china-cost.md/,[],,,,,,,True,
SITEMAP_SLASH,https://zhongsai-steelstructure.com/en/blog/en/steel-grades-explained-q235-q345.md/,404,https://zhongsai-steelstructure.com/en/blog/en/steel-grades-explained-q235-q345.md/,[],,,,,,,True,
SITEMAP_SLASH,https://zhongsai-steelstructure.com/en/blog/en/steel-structure-building-lifespan-guide.md/,404,https://zhongsai-steelstructure.com/en/blog/en/steel-structure-building-lifespan-guide.md/,[],,,,,,,True,
SITEMAP_SLASH,https://zhongsai-steelstructure.com/en/blog/en/steel-structure-corrosion-protection-coating-guide.md/,404,https://zhongsai-steelstructure.com/en/blog/en/steel-structure-corrosion-protection-coating-guide.md/,[],,,,,,,True,
SITEMAP_SLASH,https://zhongsai-steelstructure.com/en/blog/en/steel-structure-fabrication-drawings-documents-required.md/,404,https://zhongsai-steelstructure.com/en/blog/en/steel-structure-fabrication-drawings-documents-required.md/,[],,,,,,,True,
SITEMAP_SLASH,https://zhongsai-steelstructure.com/en/blog/en/steel-structure-installation-guide.md/,404,https://zhongsai-steelstructure.com/en/blog/en/steel-structure-installation-guide.md/,[],,,,,,,True,
SITEMAP_SLASH,https://zhongsai-steelstructure.com/en/blog/en/steel-structure-surface-treatment-coating-guide.md/,404,https://zhongsai-steelstructure.com/en/blog/en/steel-structure-surface-treatment-coating-guide.md/,[],,,,,,,True,
SITEMAP_SLASH,https://zhongsai-steelstructure.com/en/blog/en/steel-structure-welding-quality-control-guide.md/,404,https://zhongsai-steelstructure.com/en/blog/en/steel-structure-welding-quality-control-guide.md/,[],,,,,,,True,
SITEMAP_SLASH,https://zhongsai-steelstructure.com/en/blog/how-to-choose-steel-structure-supplier/,200,https://zhongsai-steelstructure.com/en/blog/how-to-choose-steel-structure-supplier/,[],How to Choose a Steel Structure Manufacturer in China: Complete Buyer Guide,How to Choose a Steel Structure Manufacturer in China,https://zhongsai-steelstructure.com/en/blog/how-to-choose-steel-structure-supplier/,https://zhongsai-steelstructure.com/en/blog/how-to-choose-steel-structure-supplier/,,https://zhongsai-steelstructure.com/en/blog/how-to-choose-steel-structure-supplier/,True,
SITEMAP_SLASH,https://zhongsai-steelstructure.com/en/blog/how-to-import-steel-structure-from-china-complete-guide/,200,https://zhongsai-steelstructure.com/en/blog/how-to-import-steel-structure-from-china-complete-guide/,[],How to Import Steel Structure from China: Complete Guide | ZhongSai,How to Import Steel Structure from China: Complete Guide,https://zhongsai-steelstructure.com/en/blog/how-to-import-steel-structure-from-china-complete-guide/,https://zhongsai-steelstructure.com/en/blog/how-to-import-steel-structure-from-china-complete-guide/,,https://zhongsai-steelstructure.com/en/blog/how-to-import-steel-structure-from-china-complete-guide/,True,
SITEMAP_SLASH,https://zhongsai-steelstructure.com/en/blog/how-to-import-steel-structure-from-china-to-africa/,200,https://zhongsai-steelstructure.com/en/blog/how-to-import-steel-structure-from-china-to-africa/,[],How to Import Steel Structure from China to Africa: Complete Guide | ZhongSai,How to Import Steel Structure from China to Africa: Complete Guide,https://zhongsai-steelstructure.com/en/blog/how-to-import-steel-structure-from-china-to-africa/,https://zhongsai-steelstructure.com/en/blog/how-to-import-steel-structure-from-china-to-africa/,,https://zhongsai-steelstructure.com/en/blog/how-to-import-steel-structure-from-china-to-africa/,True,
SITEMAP_SLASH,https://zhongsai-steelstructure.com/en/blog/shipping-cost-steel-structure-from-china/,200,https://zhongsai-steelstructure.com/en/blog/shipping-cost-steel-structure-from-china/,[],Shipping Cost for Steel Structure from China: Freight Guide | ZhongSai,Shipping Cost for Steel Structure from China: Freight Guide,https://zhongsai-steelstructure.com/en/blog/shipping-cost-steel-structure-from-china/,https://zhongsai-steelstructure.com/en/blog/shipping-cost-steel-structure-from-china/,,https://zhongsai-steelstructure.com/en/blog/shipping-cost-steel-structure-from-china/,True,
SITEMAP_SLASH,https://zhongsai-steelstructure.com/en/blog/steel-structure-container-loading-guide/,200,https://zhongsai-steelstructure.com/en/blog/steel-structure-container-loading-guide/,[],Steel Structure Container Loading Guide | ZhongSai,Steel Structure Container Loading Guide,https://zhongsai-steelstructure.com/en/blog/steel-structure-container-loading-guide/,https://zhongsai-steelstructure.com/en/blog/steel-structure-container-loading-guide/,,https://zhongsai-steelstructure.com/en/blog/steel-structure-container-loading-guide/,True,
SITEMAP_SLASH,https://zhongsai-steelstructure.com/en/blog/steel-warehouse-cost-complete-guide/,200,https://zhongsai-steelstructure.com/en/blog/steel-warehouse-cost-complete-guide/,[],Steel Warehouse Cost: Factors Affecting Price from China | ZhongSai,Steel Warehouse Cost: Factors Affecting Price from China,https://zhongsai-steelstructure.com/en/blog/steel-warehouse-cost-complete-guide/,https://zhongsai-steelstructure.com/en/blog/steel-warehouse-cost-complete-guide/,,https://zhongsai-steelstructure.com/en/blog/steel-warehouse-cost-complete-guide/,True,
SITEMAP_SLASH,https://zhongsai-steelstructure.com/en/components/,200,https://zhongsai-steelstructure.com/en/components/,[],"Steel Components &amp; Cladding Systems | Beams, Columns, Trusses, Purlins | ZhongSai",Custom Steel Components &Cladding Systems to Drawings,https://zhongsai-steelstructure.com/en/components/,https://zhongsai-steelstructure.com/en/components/,,https://zhongsai-steelstructure.com/en/components/,True,
SITEMAP_SLASH,https://zhongsai-steelstructure.com/en/components/fabricated-steel-beams-columns/,200,https://zhongsai-steelstructure.com/en/components/fabricated-steel-beams-columns/,[],Fabricated Steel Beams &amp; Columns | Custom Steel Fabrication | ZhongSai,Fabricated Steel Beams & Columns to Project Drawings,https://zhongsai-steelstructure.com/en/components/fabricated-steel-beams-columns/,https://zhongsai-steelstructure.com/en/components/fabricated-steel-beams-columns/,,https://zhongsai-steelstructure.com/en/components/fabricated-steel-beams-columns/,True,
SITEMAP_SLASH,https://zhongsai-steelstructure.com/en/components/roof-wall-cladding-systems/,200,https://zhongsai-steelstructure.com/en/components/roof-wall-cladding-systems/,[],Steel Roof &amp; Wall Cladding Systems | ZhongSai,Steel Roof & Wall Cladding Systems for Steel Buildings,https://zhongsai-steelstructure.com/en/components/roof-wall-cladding-systems/,https://zhongsai-steelstructure.com/en/components/roof-wall-cladding-systems/,,https://zhongsai-steelstructure.com/en/components/roof-wall-cladding-systems/,True,
SITEMAP_SLASH,https://zhongsai-steelstructure.com/en/components/steel-purlins/,200,https://zhongsai-steelstructure.com/en/components/steel-purlins/,[],Steel Purlins | C Purlins &amp; Z Purlins Cold-Formed for Roof and Wall | ZhongSai,C Purlins & Z PurlinsCold-Formed to Project Specs,https://zhongsai-steelstructure.com/en/components/steel-purlins/,https://zhongsai-steelstructure.com/en/components/steel-purlins/,,https://zhongsai-steelstructure.com/en/components/steel-purlins/,True,
SITEMAP_SLASH,https://zhongsai-steelstructure.com/en/components/steel-trusses/,200,https://zhongsai-steelstructure.com/en/components/steel-trusses/,[],"Steel Trusses | Roof Trusses, Pipe Trusses &amp; Transfer Trusses Fabricated to Drawings | ZhongSai",Custom Steel TrussesFabricated to Drawings,https://zhongsai-steelstructure.com/en/components/steel-trusses/,https://zhongsai-steelstructure.com/en/components/steel-trusses/,,https://zhongsai-steelstructure.com/en/components/steel-trusses/,True,
SITEMAP_SLASH,https://zhongsai-steelstructure.com/en/contact/,200,https://zhongsai-steelstructure.com/en/contact/,[],Contact ZhongSai Steel Structure | Project Inquiry &amp; Quote,Send Your Steel Structure Project Requirements,https://zhongsai-steelstructure.com/en/contact/,https://zhongsai-steelstructure.com/en/contact/,,https://zhongsai-steelstructure.com/en/contact/,True,
SITEMAP_SLASH,https://zhongsai-steelstructure.com/en/engineering-design/,200,https://zhongsai-steelstructure.com/en/engineering-design/,[],Steel Building Design Services | Engineering for Fabrication | ZhongSai,Steel Building Design Services for Fabrication & Export Projects,https://zhongsai-steelstructure.com/en/engineering-design/,https://zhongsai-steelstructure.com/en/engineering-design/,,https://zhongsai-steelstructure.com/en/engineering-design/,True,
SITEMAP_SLASH,https://zhongsai-steelstructure.com/en/export-delivery/,200,https://zhongsai-steelstructure.com/en/export-delivery/,[],"Steel Structure Export from China | Packing, Loading &amp; Delivery Support",Steel Structure Export Supply from China,https://zhongsai-steelstructure.com/en/export-delivery/,https://zhongsai-steelstructure.com/en/export-delivery/,,https://zhongsai-steelstructure.com/en/export-delivery/,True,
SITEMAP_SLASH,https://zhongsai-steelstructure.com/en/manufacturing-quality/,200,https://zhongsai-steelstructure.com/en/manufacturing-quality/,[],Steel Structure Manufacturing &amp; Quality Control | ZhongSai,Steel Structure Manufacturing& Quality Control,https://zhongsai-steelstructure.com/en/manufacturing-quality/,https://zhongsai-steelstructure.com/en/manufacturing-quality/,,https://zhongsai-steelstructure.com/en/manufacturing-quality/,True,
SITEMAP_SLASH,https://zhongsai-steelstructure.com/en/privacy/,200,https://zhongsai-steelstructure.com/en/privacy/,[],Privacy Policy | ZhongSai Steel Structure,Privacy Policy,https://zhongsai-steelstructure.com/en/privacy/,https://zhongsai-steelstructure.com/en/privacy/,,https://zhongsai-steelstructure.com/en/privacy/,True,
SITEMAP_SLASH,https://zhongsai-steelstructure.com/en/products/,200,https://zhongsai-steelstructure.com/en/products/,[],"Steel Structure Solutions by Application | Industrial, Warehouse, Agriculture, Commercial | ZhongSai",Steel Structure Solutionsby Building Application,https://zhongsai-steelstructure.com/en/products/,https://zhongsai-steelstructure.com/en/products/,,https://zhongsai-steelstructure.com/en/products/,True,
SITEMAP_SLASH,https://zhongsai-steelstructure.com/en/products/custom-engineering/,200,https://zhongsai-steelstructure.com/en/products/custom-engineering/,[],Structural Steel Fabrication in China | Custom Fabrication | ZhongSai,Structural Steel Fabrication in China for Overseas Projects,https://zhongsai-steelstructure.com/en/products/custom-engineering/,https://zhongsai-steelstructure.com/en/products/custom-engineering/,,https://zhongsai-steelstructure.com/en/products/custom-engineering/,True,
SITEMAP_SLASH,https://zhongsai-steelstructure.com/en/projects/,200,https://zhongsai-steelstructure.com/en/projects/,[],Selected Steel Structure Projects | ZhongSai Manufacturing References,Selected Steel Structure Projects,https://zhongsai-steelstructure.com/en/projects/,https://zhongsai-steelstructure.com/en/projects/,,https://zhongsai-steelstructure.com/en/projects/,True,
SITEMAP_SLASH,https://zhongsai-steelstructure.com/en/projects/cnooc-pr6-pipe-rack/,200,https://zhongsai-steelstructure.com/en/projects/cnooc-pr6-pipe-rack/,[],CNOOC PR6 Pipe Rack 4-SS2 Frame Project | ZhongSai Steel Structure Projects,CNOOC PR6 Pipe Rack 4-SS2 Frame Project,https://zhongsai-steelstructure.com/en/projects/cnooc-pr6-pipe-rack/,https://zhongsai-steelstructure.com/en/projects/cnooc-pr6-pipe-rack/,,https://zhongsai-steelstructure.com/en/projects/cnooc-pr6-pipe-rack/,True,
SITEMAP_SLASH,https://zhongsai-steelstructure.com/en/projects/cnpc-cracking-furnace/,200,https://zhongsai-steelstructure.com/en/projects/cnpc-cracking-furnace/,[],CNPC Sixth Construction Cracking Furnace Project | ZhongSai Steel Structure Projects,CNPC Sixth Construction Cracking Furnace Project,https://zhongsai-steelstructure.com/en/projects/cnpc-cracking-furnace/,https://zhongsai-steelstructure.com/en/projects/cnpc-cracking-furnace/,,https://zhongsai-steelstructure.com/en/projects/cnpc-cracking-furnace/,True,
SITEMAP_SLASH,https://zhongsai-steelstructure.com/en/projects/cnpc-liquid-furnace/,200,https://zhongsai-steelstructure.com/en/projects/cnpc-liquid-furnace/,[],CNPC Sixth Construction Liquid Furnace Project | ZhongSai Steel Structure Projects,CNPC Sixth Construction Liquid Furnace Project,https://zhongsai-steelstructure.com/en/projects/cnpc-liquid-furnace/,https://zhongsai-steelstructure.com/en/projects/cnpc-liquid-furnace/,,https://zhongsai-steelstructure.com/en/projects/cnpc-liquid-furnace/,True,
SITEMAP_SLASH,https://zhongsai-steelstructure.com/en/projects/dongguan-huarun-center/,200,https://zhongsai-steelstructure.com/en/projects/dongguan-huarun-center/,[],Dongguan Huarun Land Center Commercial &amp; Residential Building Project | ZhongSai Steel Structure Projects,Dongguan Huarun Land Center Commercial &amp; Residential Building Project,https://zhongsai-steelstructure.com/en/projects/dongguan-huarun-center/,https://zhongsai-steelstructure.com/en/projects/dongguan-huarun-center/,,https://zhongsai-steelstructure.com/en/projects/dongguan-huarun-center/,True,
SITEMAP_SLASH,https://zhongsai-steelstructure.com/en/projects/futian-bonded-zone-customs/,200,https://zhongsai-steelstructure.com/en/projects/futian-bonded-zone-customs/,[],Shenzhen Futian Bonded Zone Customs Infrastructure Upgrade and Renovation Project | ZhongSai Steel Structure Projects,Shenzhen Futian Bonded Zone Customs Infrastructure Upgrade and Renovation Project,https://zhongsai-steelstructure.com/en/projects/futian-bonded-zone-customs/,https://zhongsai-steelstructure.com/en/projects/futian-bonded-zone-customs/,,https://zhongsai-steelstructure.com/en/projects/futian-bonded-zone-customs/,True,
SITEMAP_SLASH,https://zhongsai-steelstructure.com/en/projects/guangzhou-high-end-equipment-base/,200,https://zhongsai-steelstructure.com/en/projects/guangzhou-high-end-equipment-base/,[],Guangzhou Gongkong Greater Bay Area Modern High-End Equipment R&amp;D and Production Base | ZhongSai Steel Structure Projects,Guangzhou Gongkong Greater Bay Area Modern High-End Equipment R&amp;D and Production Base,https://zhongsai-steelstructure.com/en/projects/guangzhou-high-end-equipment-base/,https://zhongsai-steelstructure.com/en/projects/guangzhou-high-end-equipment-base/,,https://zhongsai-steelstructure.com/en/projects/guangzhou-high-end-equipment-base/,True,
SITEMAP_SLASH,https://zhongsai-steelstructure.com/en/projects/luohu-mixc-skybridge/,200,https://zhongsai-steelstructure.com/en/projects/luohu-mixc-skybridge/,[],Shenzhen Luohu Mixc Commercial Center Skybridge Project | ZhongSai Steel Structure Projects,Shenzhen Luohu Mixc Commercial Center Skybridge Project,https://zhongsai-steelstructure.com/en/projects/luohu-mixc-skybridge/,https://zhongsai-steelstructure.com/en/projects/luohu-mixc-skybridge/,,https://zhongsai-steelstructure.com/en/projects/luohu-mixc-skybridge/,True,
SITEMAP_SLASH,https://zhongsai-steelstructure.com/en/projects/macau-city-of-dreams-phase2/,200,https://zhongsai-steelstructure.com/en/projects/macau-city-of-dreams-phase2/,[],Macau City of Dreams Phase 2 | ZhongSai Steel Structure Projects,Macau City of Dreams Phase 2,https://zhongsai-steelstructure.com/en/projects/macau-city-of-dreams-phase2/,https://zhongsai-steelstructure.com/en/projects/macau-city-of-dreams-phase2/,,https://zhongsai-steelstructure.com/en/projects/macau-city-of-dreams-phase2/,True,
SITEMAP_SLASH,https://zhongsai-steelstructure.com/en/projects/macau-londoner/,200,https://zhongsai-steelstructure.com/en/projects/macau-londoner/,[],Macau Londoner Project | ZhongSai Steel Structure Projects,Macau Londoner Project,https://zhongsai-steelstructure.com/en/projects/macau-londoner/,https://zhongsai-steelstructure.com/en/projects/macau-londoner/,,https://zhongsai-steelstructure.com/en/projects/macau-londoner/,True,
SITEMAP_SLASH,https://zhongsai-steelstructure.com/en/projects/qianhai-dreamfactory/,200,https://zhongsai-steelstructure.com/en/projects/qianhai-dreamfactory/,[],Shenzhen Qianhai Shenzhen-Hong Kong Youth Dream Factory Project | ZhongSai Steel Structure Projects,Shenzhen Qianhai Shenzhen-Hong Kong Youth Dream Factory Project,https://zhongsai-steelstructure.com/en/projects/qianhai-dreamfactory/,https://zhongsai-steelstructure.com/en/projects/qianhai-dreamfactory/,,https://zhongsai-steelstructure.com/en/projects/qianhai-dreamfactory/,True,
SITEMAP_SLASH,https://zhongsai-steelstructure.com/en/projects/shantou-luxshare-electronics-center/,200,https://zhongsai-steelstructure.com/en/projects/shantou-luxshare-electronics-center/,[],Shantou Luxshare Precision Global Electronic Information Industry Center Project | ZhongSai Steel Structure Projects,Shantou Luxshare Precision Global Electronic Information Industry Center Project,https://zhongsai-steelstructure.com/en/projects/shantou-luxshare-electronics-center/,https://zhongsai-steelstructure.com/en/projects/shantou-luxshare-electronics-center/,,https://zhongsai-steelstructure.com/en/projects/shantou-luxshare-electronics-center/,True,
SITEMAP_SLASH,https://zhongsai-steelstructure.com/en/projects/singapore-airport-t2-connect/,200,https://zhongsai-steelstructure.com/en/projects/singapore-airport-t2-connect/,[],Singapore Changi Airport T2 Connect | ZhongSai Steel Structure Projects,Singapore Changi Airport T2 Connect,https://zhongsai-steelstructure.com/en/projects/singapore-airport-t2-connect/,https://zhongsai-steelstructure.com/en/projects/singapore-airport-t2-connect/,,https://zhongsai-steelstructure.com/en/projects/singapore-airport-t2-connect/,True,
SITEMAP_SLASH,https://zhongsai-steelstructure.com/en/projects/singapore-cr101-depot/,200,https://zhongsai-steelstructure.com/en/projects/singapore-cr101-depot/,[],Singapore LTA CR101 MRT Depot | ZhongSai Steel Structure Projects,Singapore LTA CR101 MRT Depot,https://zhongsai-steelstructure.com/en/projects/singapore-cr101-depot/,https://zhongsai-steelstructure.com/en/projects/singapore-cr101-depot/,,https://zhongsai-steelstructure.com/en/projects/singapore-cr101-depot/,True,
SITEMAP_SLASH,https://zhongsai-steelstructure.com/en/projects/singapore-j102-mrt-station/,200,https://zhongsai-steelstructure.com/en/projects/singapore-j102-mrt-station/,[],Singapore LTA J102 MRT Station | ZhongSai Steel Structure Projects,Singapore LTA J102 MRT Station,https://zhongsai-steelstructure.com/en/projects/singapore-j102-mrt-station/,https://zhongsai-steelstructure.com/en/projects/singapore-j102-mrt-station/,,https://zhongsai-steelstructure.com/en/projects/singapore-j102-mrt-station/,True,
SITEMAP_SLASH,https://zhongsai-steelstructure.com/en/projects/singapore-j107-mrt-station/,200,https://zhongsai-steelstructure.com/en/projects/singapore-j107-mrt-station/,[],Singapore LTA J107 MRT Station | ZhongSai Steel Structure Projects,Singapore LTA J107 MRT Station,https://zhongsai-steelstructure.com/en/projects/singapore-j107-mrt-station/,https://zhongsai-steelstructure.com/en/projects/singapore-j107-mrt-station/,,https://zhongsai-steelstructure.com/en/projects/singapore-j107-mrt-station/,True,
SITEMAP_SLASH,https://zhongsai-steelstructure.com/en/projects/singapore-mcc-innocentre/,200,https://zhongsai-steelstructure.com/en/projects/singapore-mcc-innocentre/,[],Singapore MCC Innocentre | ZhongSai Steel Structure Projects,Singapore MCC Innocentre,https://zhongsai-steelstructure.com/en/projects/singapore-mcc-innocentre/,https://zhongsai-steelstructure.com/en/projects/singapore-mcc-innocentre/,,https://zhongsai-steelstructure.com/en/projects/singapore-mcc-innocentre/,True,
SITEMAP_SLASH,https://zhongsai-steelstructure.com/en/projects/singapore-sats-bup-centre/,200,https://zhongsai-steelstructure.com/en/projects/singapore-sats-bup-centre/,[],Singapore Changi Airport SATS BUP Centre | ZhongSai Steel Structure Projects,Singapore Changi Airport SATS BUP Centre,https://zhongsai-steelstructure.com/en/projects/singapore-sats-bup-centre/,https://zhongsai-steelstructure.com/en/projects/singapore-sats-bup-centre/,,https://zhongsai-steelstructure.com/en/projects/singapore-sats-bup-centre/,True,
SITEMAP_SLASH,https://zhongsai-steelstructure.com/en/projects/singapore-sentosa-waterfront-hotel/,200,https://zhongsai-steelstructure.com/en/projects/singapore-sentosa-waterfront-hotel/,[],Singapore Sentosa Waterfront Hotel | ZhongSai Steel Structure Projects,Singapore Sentosa Waterfront Hotel,https://zhongsai-steelstructure.com/en/projects/singapore-sentosa-waterfront-hotel/,https://zhongsai-steelstructure.com/en/projects/singapore-sentosa-waterfront-hotel/,,https://zhongsai-steelstructure.com/en/projects/singapore-sentosa-waterfront-hotel/,True,
SITEMAP_SLASH,https://zhongsai-steelstructure.com/en/projects/xiegang-aviation-manufacturing/,200,https://zhongsai-steelstructure.com/en/projects/xiegang-aviation-manufacturing/,[],Shanghai Baoye Xiegang General Aviation Manufacturing &amp; Supply Chain Project | ZhongSai Steel Structure Projects,Shanghai Baoye Xiegang General Aviation Manufacturing &amp; Supply Chain Project,https://zhongsai-steelstructure.com/en/projects/xiegang-aviation-manufacturing/,https://zhongsai-steelstructure.com/en/projects/xiegang-aviation-manufacturing/,,https://zhongsai-steelstructure.com/en/projects/xiegang-aviation-manufacturing/,True,
SITEMAP_SLASH,https://zhongsai-steelstructure.com/en/projects/yixian-biotech-manufacturing/,200,https://zhongsai-steelstructure.com/en/projects/yixian-biotech-manufacturing/,[],Guangdong Yixian Biotechnology High-End Manufacturing Plant Project | ZhongSai Steel Structure Projects,Guangdong Yixian Biotechnology High-End Manufacturing Plant Project,https://zhongsai-steelstructure.com/en/projects/yixian-biotech-manufacturing/,https://zhongsai-steelstructure.com/en/projects/yixian-biotech-manufacturing/,,https://zhongsai-steelstructure.com/en/projects/yixian-biotech-manufacturing/,True,
SITEMAP_SLASH,https://zhongsai-steelstructure.com/en/projects/zhanjiang-logistics-port/,200,https://zhongsai-steelstructure.com/en/projects/zhanjiang-logistics-port/,[],Shenzhen International Zhanjiang Comprehensive Logistics Port Project | ZhongSai Steel Structure Projects,Shenzhen International Zhanjiang Comprehensive Logistics Port Project,https://zhongsai-steelstructure.com/en/projects/zhanjiang-logistics-port/,https://zhongsai-steelstructure.com/en/projects/zhanjiang-logistics-port/,,https://zhongsai-steelstructure.com/en/projects/zhanjiang-logistics-port/,True,
SITEMAP_SLASH,https://zhongsai-steelstructure.com/en/services/structural-steel-detailing/,200,https://zhongsai-steelstructure.com/en/services/structural-steel-detailing/,[],Structural Steel Detailing Services | Shop &amp; Fabrication Drawings | ZhongSai,Structural Steel Detailing Services for Fabrication,https://zhongsai-steelstructure.com/en/services/structural-steel-detailing/,https://zhongsai-steelstructure.com/en/services/structural-steel-detailing/,,https://zhongsai-steelstructure.com/en/services/structural-steel-detailing/,True,
SITEMAP_SLASH,https://zhongsai-steelstructure.com/en/steel-mining-factory/,200,https://zhongsai-steelstructure.com/en/steel-mining-factory/,[],Steel Structures for Mining &amp; Heavy Industrial Projects | ZhongSai,Steel Structures for Mining & Heavy Industrial Applications,https://zhongsai-steelstructure.com/en/steel-mining-factory/,https://zhongsai-steelstructure.com/en/steel-mining-factory/,,https://zhongsai-steelstructure.com/en/steel-mining-factory/,True,
SITEMAP_SLASH,https://zhongsai-steelstructure.com/en/steel-warehouse/,200,https://zhongsai-steelstructure.com/en/steel-warehouse/,[],Steel Structure Warehouse | Prefabricated Warehouse Building | ZhongSai,Steel Structure Warehouse & Logistics Building,https://zhongsai-steelstructure.com/en/steel-warehouse/,https://zhongsai-steelstructure.com/en/steel-warehouse/,,https://zhongsai-steelstructure.com/en/steel-warehouse/,True,
SITEMAP_SLASH,https://zhongsai-steelstructure.com/en/steel-workshop/,200,https://zhongsai-steelstructure.com/en/steel-workshop/,[],Steel Structure Workshop | Industrial Factory Building | ZhongSai,Steel Structure Workshop for Industrial Manufacturing Projects,https://zhongsai-steelstructure.com/en/steel-workshop/,https://zhongsai-steelstructure.com/en/steel-workshop/,,https://zhongsai-steelstructure.com/en/steel-workshop/,True,
SITEMAP_SLASH,https://zhongsai-steelstructure.com/en/terms/,200,https://zhongsai-steelstructure.com/en/terms/,[],Terms of Use | ZhongSai Steel Structure,Terms of Use,https://zhongsai-steelstructure.com/en/terms/,https://zhongsai-steelstructure.com/en/terms/,,https://zhongsai-steelstructure.com/en/terms/,True,
SITEMAP_SLASH,https://zhongsai-steelstructure.com/zh/,200,https://zhongsai-steelstructure.com/zh/,[],中赛钢构｜钢结构设计、深化、制造与出口交付,让钢结构项目从图纸走向现场,https://zhongsai-steelstructure.com/zh/,https://zhongsai-steelstructure.com/en/,,https://zhongsai-steelstructure.com/en/,True,
SITEMAP_SLASH,https://zhongsai-steelstructure.com/zh/about/,200,https://zhongsai-steelstructure.com/zh/about/,[],关于中赛钢构 | 钢结构制造与出口供应商,面向海外项目的钢结构制造与出口供应,https://zhongsai-steelstructure.com/zh/about/,https://zhongsai-steelstructure.com/en/about/,,https://zhongsai-steelstructure.com/en/about/,True,
SITEMAP_SLASH,https://zhongsai-steelstructure.com/zh/blog/gangjiegou-changfang-zaojia-zhinan/,200,https://zhongsai-steelstructure.com/zh/blog/gangjiegou-changfang-zaojia-zhinan/,[],钢结构厂房造价影响因素完整指南 | 中赛钢构,钢结构厂房造价影响因素完整指南 | 中赛钢构,https://zhongsai-steelstructure.com/zh/blog/gangjiegou-changfang-zaojia-zhinan/,https://zhongsai-steelstructure.com/zh/blog/gangjiegou-changfang-zaojia-zhinan/,,https://zhongsai-steelstructure.com/zh/blog/gangjiegou-changfang-zaojia-zhinan/,True,
SITEMAP_SLASH,https://zhongsai-steelstructure.com/zh/blog/gangjiegou-gongchang-xuanze-zhinan/,200,https://zhongsai-steelstructure.com/zh/blog/gangjiegou-gongchang-xuanze-zhinan/,[],如何选择中国钢结构厂家：海外采购完整评估指南,如何选择中国钢结构厂家,https://zhongsai-steelstructure.com/zh/blog/gangjiegou-gongchang-xuanze-zhinan/,https://zhongsai-steelstructure.com/en/blog/gangjiegou-gongchang-xuanze-zhinan/,,https://zhongsai-steelstructure.com/en/blog/gangjiegou-gongchang-xuanze-zhinan/,True,
SITEMAP_SLASH,https://zhongsai-steelstructure.com/zh/blog/zh/common-mistakes-importing-steel-structures-china.md/,404,https://zhongsai-steelstructure.com/zh/blog/zh/common-mistakes-importing-steel-structures-china.md/,[],,,,,,,True,
SITEMAP_SLASH,https://zhongsai-steelstructure.com/zh/blog/zh/how-to-steel-structure-cost.md/,404,https://zhongsai-steelstructure.com/zh/blog/zh/how-to-steel-structure-cost.md/,[],,,,,,,True,
SITEMAP_SLASH,https://zhongsai-steelstructure.com/zh/blog/zh/import-steel-from-china-cost.md/,404,https://zhongsai-steelstructure.com/zh/blog/zh/import-steel-from-china-cost.md/,[],,,,,,,True,
SITEMAP_SLASH,https://zhongsai-steelstructure.com/zh/blog/zh/steel-grades-explained-q235-q345.md/,404,https://zhongsai-steelstructure.com/zh/blog/zh/steel-grades-explained-q235-q345.md/,[],,,,,,,True,
SITEMAP_SLASH,https://zhongsai-steelstructure.com/zh/blog/zh/steel-structure-building-lifespan-guide.md/,404,https://zhongsai-steelstructure.com/zh/blog/zh/steel-structure-building-lifespan-guide.md/,[],,,,,,,True,
SITEMAP_SLASH,https://zhongsai-steelstructure.com/zh/blog/zh/steel-structure-corrosion-protection-coating-guide.md/,404,https://zhongsai-steelstructure.com/zh/blog/zh/steel-structure-corrosion-protection-coating-guide.md/,[],,,,,,,True,
SITEMAP_SLASH,https://zhongsai-steelstructure.com/zh/blog/zh/steel-structure-fabrication-drawings-documents-required.md/,404,https://zhongsai-steelstructure.com/zh/blog/zh/steel-structure-fabrication-drawings-documents-required.md/,[],,,,,,,True,
SITEMAP_SLASH,https://zhongsai-steelstructure.com/zh/blog/zh/steel-structure-installation-guide.md/,404,https://zhongsai-steelstructure.com/zh/blog/zh/steel-structure-installation-guide.md/,[],,,,,,,True,
SITEMAP_SLASH,https://zhongsai-steelstructure.com/zh/blog/zh/steel-structure-surface-treatment-coating-guide.md/,404,https://zhongsai-steelstructure.com/zh/blog/zh/steel-structure-surface-treatment-coating-guide.md/,[],,,,,,,True,
SITEMAP_SLASH,https://zhongsai-steelstructure.com/zh/blog/zh/steel-structure-welding-quality-control-guide.md/,404,https://zhongsai-steelstructure.com/zh/blog/zh/steel-structure-welding-quality-control-guide.md/,[],,,,,,,True,
SITEMAP_SLASH,https://zhongsai-steelstructure.com/zh/components/,200,https://zhongsai-steelstructure.com/zh/components/,[],钢构件与围护系统｜钢梁、钢柱、桁架、檩条、彩钢板｜中赛钢构,按图纸定制加工钢构件与围护系统,https://zhongsai-steelstructure.com/zh/components/,https://zhongsai-steelstructure.com/en/components/,,https://zhongsai-steelstructure.com/en/components/,True,
SITEMAP_SLASH,https://zhongsai-steelstructure.com/zh/components/fabricated-steel-beams-columns/,200,https://zhongsai-steelstructure.com/zh/components/fabricated-steel-beams-columns/,[],钢梁与钢柱按图加工 | 定制钢结构构件 | 中赛钢构,按项目图纸加工的钢梁与钢柱,https://zhongsai-steelstructure.com/zh/components/fabricated-steel-beams-columns/,https://zhongsai-steelstructure.com/en/components/fabricated-steel-beams-columns/,,https://zhongsai-steelstructure.com/en/components/fabricated-steel-beams-columns/,True,
SITEMAP_SLASH,https://zhongsai-steelstructure.com/zh/components/roof-wall-cladding-systems/,200,https://zhongsai-steelstructure.com/zh/components/roof-wall-cladding-systems/,[],钢结构屋面与墙面围护系统 | 中赛钢构,钢结构建筑屋面与墙面围护系统,https://zhongsai-steelstructure.com/zh/components/roof-wall-cladding-systems/,https://zhongsai-steelstructure.com/en/components/roof-wall-cladding-systems/,,https://zhongsai-steelstructure.com/en/components/roof-wall-cladding-systems/,True,
SITEMAP_SLASH,https://zhongsai-steelstructure.com/zh/components/steel-purlins/,200,https://zhongsai-steelstructure.com/zh/components/steel-purlins/,[],钢檩条｜C型钢檩条与Z型钢檩条冷弯成型｜中赛钢构,C型钢与Z型钢檩条按项目规格冷弯成型,https://zhongsai-steelstructure.com/zh/components/steel-purlins/,https://zhongsai-steelstructure.com/en/components/steel-purlins/,,https://zhongsai-steelstructure.com/en/components/steel-purlins/,True,
SITEMAP_SLASH,https://zhongsai-steelstructure.com/zh/components/steel-trusses/,200,https://zhongsai-steelstructure.com/zh/components/steel-trusses/,[],钢桁架｜屋架桁架、管桁架、转换桁架按图纸定制加工｜中赛钢构,按图纸定制加工钢桁架,https://zhongsai-steelstructure.com/zh/components/steel-trusses/,https://zhongsai-steelstructure.com/en/components/steel-trusses/,,https://zhongsai-steelstructure.com/en/components/steel-trusses/,True,
SITEMAP_SLASH,https://zhongsai-steelstructure.com/zh/contact/,200,https://zhongsai-steelstructure.com/zh/contact/,[],联系中赛钢构 | 项目询盘与报价需求,提交您的钢结构项目需求,https://zhongsai-steelstructure.com/zh/contact/,https://zhongsai-steelstructure.com/en/contact/,,https://zhongsai-steelstructure.com/en/contact/,True,
SITEMAP_SLASH,https://zhongsai-steelstructure.com/zh/engineering-design/,200,https://zhongsai-steelstructure.com/zh/engineering-design/,[],钢结构建筑设计与制造衔接服务 | 中赛钢构,钢结构建筑设计与制造衔接服务,https://zhongsai-steelstructure.com/zh/engineering-design/,https://zhongsai-steelstructure.com/en/engineering-design/,,https://zhongsai-steelstructure.com/en/engineering-design/,True,
SITEMAP_SLASH,https://zhongsai-steelstructure.com/zh/export-delivery/,200,https://zhongsai-steelstructure.com/zh/export-delivery/,[],钢结构出口交付 | 包装装柜与海外项目供应支持,钢结构制造后的出口供应与交付支持,https://zhongsai-steelstructure.com/zh/export-delivery/,https://zhongsai-steelstructure.com/en/export-delivery/,,https://zhongsai-steelstructure.com/en/export-delivery/,True,
SITEMAP_SLASH,https://zhongsai-steelstructure.com/zh/manufacturing-quality/,200,https://zhongsai-steelstructure.com/zh/manufacturing-quality/,[],钢结构制造与质量控制｜中赛钢构,钢结构制造与质量控制,https://zhongsai-steelstructure.com/zh/manufacturing-quality/,https://zhongsai-steelstructure.com/en/manufacturing-quality/,,https://zhongsai-steelstructure.com/en/manufacturing-quality/,True,
SITEMAP_SLASH,https://zhongsai-steelstructure.com/zh/privacy/,200,https://zhongsai-steelstructure.com/zh/privacy/,[],隐私政策 | 中赛钢构,隐私政策,https://zhongsai-steelstructure.com/zh/privacy/,https://zhongsai-steelstructure.com/en/privacy/,,https://zhongsai-steelstructure.com/en/privacy/,True,
SITEMAP_SLASH,https://zhongsai-steelstructure.com/zh/products/,200,https://zhongsai-steelstructure.com/zh/products/,[],钢结构解决方案｜按建筑应用分类｜工业厂房、仓库、农业、商业、交通、矿业｜中赛钢构,按项目应用选择钢结构解决方案,https://zhongsai-steelstructure.com/zh/products/,https://zhongsai-steelstructure.com/en/products/,,https://zhongsai-steelstructure.com/en/products/,True,
SITEMAP_SLASH,https://zhongsai-steelstructure.com/zh/products/custom-engineering/,200,https://zhongsai-steelstructure.com/zh/products/custom-engineering/,[],海外项目钢结构按图加工与定制制造 | 中赛钢构,海外项目钢结构按图加工与定制制造,https://zhongsai-steelstructure.com/zh/products/custom-engineering/,https://zhongsai-steelstructure.com/en/products/custom-engineering/,,https://zhongsai-steelstructure.com/en/products/custom-engineering/,True,
SITEMAP_SLASH,https://zhongsai-steelstructure.com/zh/projects/,200,https://zhongsai-steelstructure.com/zh/projects/,[],精选钢结构项目案例 | 中赛钢构制造参考,精选钢结构项目案例,https://zhongsai-steelstructure.com/zh/projects/,https://zhongsai-steelstructure.com/en/projects/,,https://zhongsai-steelstructure.com/en/projects/,True,
SITEMAP_SLASH,https://zhongsai-steelstructure.com/zh/projects/cnooc-pr6-pipe-rack/,200,https://zhongsai-steelstructure.com/zh/projects/cnooc-pr6-pipe-rack/,[],中海油PR6管廊4-SS2框架项目 | 中赛钢构项目案例,中海油PR6管廊4-SS2框架项目,https://zhongsai-steelstructure.com/zh/projects/cnooc-pr6-pipe-rack/,https://zhongsai-steelstructure.com/en/projects/cnooc-pr6-pipe-rack/,,https://zhongsai-steelstructure.com/en/projects/cnooc-pr6-pipe-rack/,True,
SITEMAP_SLASH,https://zhongsai-steelstructure.com/zh/projects/cnpc-cracking-furnace/,200,https://zhongsai-steelstructure.com/zh/projects/cnpc-cracking-furnace/,[],中油六建裂解炉项目 | 中赛钢构项目案例,中油六建裂解炉项目,https://zhongsai-steelstructure.com/zh/projects/cnpc-cracking-furnace/,https://zhongsai-steelstructure.com/en/projects/cnpc-cracking-furnace/,,https://zhongsai-steelstructure.com/en/projects/cnpc-cracking-furnace/,True,
SITEMAP_SLASH,https://zhongsai-steelstructure.com/zh/projects/cnpc-liquid-furnace/,200,https://zhongsai-steelstructure.com/zh/projects/cnpc-liquid-furnace/,[],中油六建液体炉项目 | 中赛钢构项目案例,中油六建液体炉项目,https://zhongsai-steelstructure.com/zh/projects/cnpc-liquid-furnace/,https://zhongsai-steelstructure.com/en/projects/cnpc-liquid-furnace/,,https://zhongsai-steelstructure.com/en/projects/cnpc-liquid-furnace/,True,
SITEMAP_SLASH,https://zhongsai-steelstructure.com/zh/projects/dongguan-huarun-center/,200,https://zhongsai-steelstructure.com/zh/projects/dongguan-huarun-center/,[],东莞华润置地中心商业、住宅楼项目 | 中赛钢构项目案例,东莞华润置地中心商业、住宅楼项目,https://zhongsai-steelstructure.com/zh/projects/dongguan-huarun-center/,https://zhongsai-steelstructure.com/en/projects/dongguan-huarun-center/,,https://zhongsai-steelstructure.com/en/projects/dongguan-huarun-center/,True,
SITEMAP_SLASH,https://zhongsai-steelstructure.com/zh/projects/futian-bonded-zone-customs/,200,https://zhongsai-steelstructure.com/zh/projects/futian-bonded-zone-customs/,[],深圳福田保税区海关基础设施升级改造工程 | 中赛钢构项目案例,深圳福田保税区海关基础设施升级改造工程,https://zhongsai-steelstructure.com/zh/projects/futian-bonded-zone-customs/,https://zhongsai-steelstructure.com/en/projects/futian-bonded-zone-customs/,,https://zhongsai-steelstructure.com/en/projects/futian-bonded-zone-customs/,True,
SITEMAP_SLASH,https://zhongsai-steelstructure.com/zh/projects/guangzhou-high-end-equipment-base/,200,https://zhongsai-steelstructure.com/zh/projects/guangzhou-high-end-equipment-base/,[],广州工控大湾区现代高端装备研发生产基地 | 中赛钢构项目案例,广州工控大湾区现代高端装备研发生产基地,https://zhongsai-steelstructure.com/zh/projects/guangzhou-high-end-equipment-base/,https://zhongsai-steelstructure.com/en/projects/guangzhou-high-end-equipment-base/,,https://zhongsai-steelstructure.com/en/projects/guangzhou-high-end-equipment-base/,True,
SITEMAP_SLASH,https://zhongsai-steelstructure.com/zh/projects/luohu-mixc-skybridge/,200,https://zhongsai-steelstructure.com/zh/projects/luohu-mixc-skybridge/,[],深圳罗湖万象城商业中心天桥项目 | 中赛钢构项目案例,深圳罗湖万象城商业中心天桥项目,https://zhongsai-steelstructure.com/zh/projects/luohu-mixc-skybridge/,https://zhongsai-steelstructure.com/en/projects/luohu-mixc-skybridge/,,https://zhongsai-steelstructure.com/en/projects/luohu-mixc-skybridge/,True,
SITEMAP_SLASH,https://zhongsai-steelstructure.com/zh/projects/macau-city-of-dreams-phase2/,200,https://zhongsai-steelstructure.com/zh/projects/macau-city-of-dreams-phase2/,[],澳门新濠影汇二期 | 中赛钢结构项目案例,澳门新濠影汇二期,https://zhongsai-steelstructure.com/zh/projects/macau-city-of-dreams-phase2/,https://zhongsai-steelstructure.com/en/projects/macau-city-of-dreams-phase2/,,https://zhongsai-steelstructure.com/en/projects/macau-city-of-dreams-phase2/,True,
SITEMAP_SLASH,https://zhongsai-steelstructure.com/zh/projects/macau-londoner/,200,https://zhongsai-steelstructure.com/zh/projects/macau-londoner/,[],澳门伦敦人项目 | 中赛钢结构项目案例,澳门伦敦人项目,https://zhongsai-steelstructure.com/zh/projects/macau-londoner/,https://zhongsai-steelstructure.com/en/projects/macau-londoner/,,https://zhongsai-steelstructure.com/en/projects/macau-londoner/,True,
SITEMAP_SLASH,https://zhongsai-steelstructure.com/zh/projects/qianhai-dreamfactory/,200,https://zhongsai-steelstructure.com/zh/projects/qianhai-dreamfactory/,[],深圳前海深港青年梦工厂项目 | 中赛钢构项目案例,深圳前海深港青年梦工厂项目,https://zhongsai-steelstructure.com/zh/projects/qianhai-dreamfactory/,https://zhongsai-steelstructure.com/en/projects/qianhai-dreamfactory/,,https://zhongsai-steelstructure.com/en/projects/qianhai-dreamfactory/,True,
SITEMAP_SLASH,https://zhongsai-steelstructure.com/zh/projects/shantou-luxshare-electronics-center/,200,https://zhongsai-steelstructure.com/zh/projects/shantou-luxshare-electronics-center/,[],汕头立讯精密全球电子信息产业中心项目 | 中赛钢构项目案例,汕头立讯精密全球电子信息产业中心项目,https://zhongsai-steelstructure.com/zh/projects/shantou-luxshare-electronics-center/,https://zhongsai-steelstructure.com/en/projects/shantou-luxshare-electronics-center/,,https://zhongsai-steelstructure.com/en/projects/shantou-luxshare-electronics-center/,True,
SITEMAP_SLASH,https://zhongsai-steelstructure.com/zh/projects/singapore-airport-t2-connect/,200,https://zhongsai-steelstructure.com/zh/projects/singapore-airport-t2-connect/,[],新加坡樟宜机场T2连接 | 中赛钢结构项目案例,新加坡樟宜机场T2连接,https://zhongsai-steelstructure.com/zh/projects/singapore-airport-t2-connect/,https://zhongsai-steelstructure.com/en/projects/singapore-airport-t2-connect/,,https://zhongsai-steelstructure.com/en/projects/singapore-airport-t2-connect/,True,
SITEMAP_SLASH,https://zhongsai-steelstructure.com/zh/projects/singapore-cr101-depot/,200,https://zhongsai-steelstructure.com/zh/projects/singapore-cr101-depot/,[],新加坡LTA CR101地铁维修站 | 中赛钢结构项目案例,新加坡LTA CR101地铁维修站,https://zhongsai-steelstructure.com/zh/projects/singapore-cr101-depot/,https://zhongsai-steelstructure.com/en/projects/singapore-cr101-depot/,,https://zhongsai-steelstructure.com/en/projects/singapore-cr101-depot/,True,
SITEMAP_SLASH,https://zhongsai-steelstructure.com/zh/projects/singapore-j102-mrt-station/,200,https://zhongsai-steelstructure.com/zh/projects/singapore-j102-mrt-station/,[],新加坡LTA J102地铁站 | 中赛钢结构项目案例,新加坡LTA J102地铁站,https://zhongsai-steelstructure.com/zh/projects/singapore-j102-mrt-station/,https://zhongsai-steelstructure.com/en/projects/singapore-j102-mrt-station/,,https://zhongsai-steelstructure.com/en/projects/singapore-j102-mrt-station/,True,
SITEMAP_SLASH,https://zhongsai-steelstructure.com/zh/projects/singapore-j107-mrt-station/,200,https://zhongsai-steelstructure.com/zh/projects/singapore-j107-mrt-station/,[],新加坡LTA J107地铁站 | 中赛钢结构项目案例,新加坡LTA J107地铁站,https://zhongsai-steelstructure.com/zh/projects/singapore-j107-mrt-station/,https://zhongsai-steelstructure.com/en/projects/singapore-j107-mrt-station/,,https://zhongsai-steelstructure.com/en/projects/singapore-j107-mrt-station/,True,
SITEMAP_SLASH,https://zhongsai-steelstructure.com/zh/projects/singapore-mcc-innocentre/,200,https://zhongsai-steelstructure.com/zh/projects/singapore-mcc-innocentre/,[],新加坡MCC Innocentre | 中赛钢结构项目案例,新加坡MCC Innocentre,https://zhongsai-steelstructure.com/zh/projects/singapore-mcc-innocentre/,https://zhongsai-steelstructure.com/en/projects/singapore-mcc-innocentre/,,https://zhongsai-steelstructure.com/en/projects/singapore-mcc-innocentre/,True,
SITEMAP_SLASH,https://zhongsai-steelstructure.com/zh/projects/singapore-sats-bup-centre/,200,https://zhongsai-steelstructure.com/zh/projects/singapore-sats-bup-centre/,[],新加坡樟宜机场SATS货运中心 | 中赛钢结构项目案例,新加坡樟宜机场SATS货运中心,https://zhongsai-steelstructure.com/zh/projects/singapore-sats-bup-centre/,https://zhongsai-steelstructure.com/en/projects/singapore-sats-bup-centre/,,https://zhongsai-steelstructure.com/en/projects/singapore-sats-bup-centre/,True,
SITEMAP_SLASH,https://zhongsai-steelstructure.com/zh/projects/singapore-sentosa-waterfront-hotel/,200,https://zhongsai-steelstructure.com/zh/projects/singapore-sentosa-waterfront-hotel/,[],新加坡圣淘沙名胜世界酒店 | 中赛钢结构项目案例,新加坡圣淘沙名胜世界酒店,https://zhongsai-steelstructure.com/zh/projects/singapore-sentosa-waterfront-hotel/,https://zhongsai-steelstructure.com/en/projects/singapore-sentosa-waterfront-hotel/,,https://zhongsai-steelstructure.com/en/projects/singapore-sentosa-waterfront-hotel/,True,
SITEMAP_SLASH,https://zhongsai-steelstructure.com/zh/projects/xiegang-aviation-manufacturing/,200,https://zhongsai-steelstructure.com/zh/projects/xiegang-aviation-manufacturing/,[],上海宝冶谢岗通用航空制造及供应链项目 | 中赛钢构项目案例,上海宝冶谢岗通用航空制造及供应链项目,https://zhongsai-steelstructure.com/zh/projects/xiegang-aviation-manufacturing/,https://zhongsai-steelstructure.com/en/projects/xiegang-aviation-manufacturing/,,https://zhongsai-steelstructure.com/en/projects/xiegang-aviation-manufacturing/,True,
SITEMAP_SLASH,https://zhongsai-steelstructure.com/zh/projects/yixian-biotech-manufacturing/,200,https://zhongsai-steelstructure.com/zh/projects/yixian-biotech-manufacturing/,[],广东逸仙生物科技高端制造厂房项目 | 中赛钢构项目案例,广东逸仙生物科技高端制造厂房项目,https://zhongsai-steelstructure.com/zh/projects/yixian-biotech-manufacturing/,https://zhongsai-steelstructure.com/en/projects/yixian-biotech-manufacturing/,,https://zhongsai-steelstructure.com/en/projects/yixian-biotech-manufacturing/,True,
SITEMAP_SLASH,https://zhongsai-steelstructure.com/zh/projects/zhanjiang-logistics-port/,200,https://zhongsai-steelstructure.com/zh/projects/zhanjiang-logistics-port/,[],深国际湛江综合物流港项目 | 中赛钢构项目案例,深国际湛江综合物流港项目,https://zhongsai-steelstructure.com/zh/projects/zhanjiang-logistics-port/,https://zhongsai-steelstructure.com/en/projects/zhanjiang-logistics-port/,,https://zhongsai-steelstructure.com/en/projects/zhanjiang-logistics-port/,True,
SITEMAP_SLASH,https://zhongsai-steelstructure.com/zh/services/structural-steel-detailing/,200,https://zhongsai-steelstructure.com/zh/services/structural-steel-detailing/,[],钢结构深化设计与加工图服务 | 中赛钢构,钢结构深化设计与加工图服务,https://zhongsai-steelstructure.com/zh/services/structural-steel-detailing/,https://zhongsai-steelstructure.com/en/services/structural-steel-detailing/,,https://zhongsai-steelstructure.com/en/services/structural-steel-detailing/,True,
SITEMAP_SLASH,https://zhongsai-steelstructure.com/zh/steel-mining-factory/,200,https://zhongsai-steelstructure.com/zh/steel-mining-factory/,[],矿业与重型工业钢结构解决方案 | 中赛钢构,矿业与重型工业钢结构解决方案,https://zhongsai-steelstructure.com/zh/steel-mining-factory/,https://zhongsai-steelstructure.com/en/steel-mining-factory/,,https://zhongsai-steelstructure.com/en/steel-mining-factory/,True,
SITEMAP_SLASH,https://zhongsai-steelstructure.com/zh/steel-warehouse/,200,https://zhongsai-steelstructure.com/zh/steel-warehouse/,[],钢结构仓库与物流建筑 | 中赛钢构,钢结构仓库与物流建筑,https://zhongsai-steelstructure.com/zh/steel-warehouse/,https://zhongsai-steelstructure.com/en/steel-warehouse/,,https://zhongsai-steelstructure.com/en/steel-warehouse/,True,
SITEMAP_SLASH,https://zhongsai-steelstructure.com/zh/steel-workshop/,200,https://zhongsai-steelstructure.com/zh/steel-workshop/,[],钢结构工业厂房与生产车间 | 中赛钢构,钢结构工业厂房与生产车间,https://zhongsai-steelstructure.com/zh/steel-workshop/,https://zhongsai-steelstructure.com/en/steel-workshop/,,https://zhongsai-steelstructure.com/en/steel-workshop/,True,
SITEMAP_SLASH,https://zhongsai-steelstructure.com/zh/terms/,200,https://zhongsai-steelstructure.com/zh/terms/,[],使用条款 | 中赛钢构,使用条款,https://zhongsai-steelstructure.com/zh/terms/,https://zhongsai-steelstructure.com/en/terms/,,https://zhongsai-steelstructure.com/en/terms/,True,
