old_url,page_type,title,historical_search_evidence,commercial_intent,content_quality,fact_risk,recommended_action,reason,cutover_blocker,recommended_new_url,notes,implementation_status
https://zhongsai-steelstructure.com/en/blog/how-to-import-steel-structure-from-china-complete-guide,blog,How to Import Steel Structure from China: Complete 2026 Guide,UNKNOWN (no GSC data),HIGH,USABLE,OK,LEGACY_PRESERVED_200,Blog cluster: Import from China | PRIMARY URL for cluster: legacy preserve at cutover,YES,," | Implemented as V2 LegacyArticleLayout page, HTTP 200, indexable, single-language EN",RESOLVED
https://zhongsai-steelstructure.com/en/blog/how-to-import-steel-structure-from-china-to-africa,blog,How to Import Steel Structure from China to Africa: Complete Guide 2026,UNKNOWN (no GSC data),HIGH,USABLE,OK,LEGACY_PRESERVED_200,Blog cluster: Import from China | PRIMARY URL for cluster: legacy preserve at cutover,YES,," | Implemented as V2 LegacyArticleLayout page, HTTP 200, indexable, single-language EN",RESOLVED
https://zhongsai-steelstructure.com/en/blog/shipping-cost-steel-structure-from-china,blog,Shipping Cost for Steel Structure from China: 2026 Freight Guide,UNKNOWN (no GSC data),HIGH,USABLE,OK,LEGACY_PRESERVED_200,Blog cluster: Shipping & Container | PRIMARY URL for cluster: legacy preserve at cutover,YES,," | Implemented as V2 LegacyArticleLayout page, HTTP 200, indexable, single-language EN",RESOLVED
https://zhongsai-steelstructure.com/en/blog/steel-structure-container-loading-guide,blog,Steel Structure Container Loading: Maximize Space & Save Freight Cost,UNKNOWN (no GSC data),HIGH,USABLE,OK,LEGACY_PRESERVED_200,Blog cluster: Shipping & Container | PRIMARY URL for cluster: legacy preserve at cutover,YES,," | Implemented as V2 LegacyArticleLayout page, HTTP 200, indexable, single-language EN",RESOLVED
https://zhongsai-steelstructure.com/en/blog/steel-warehouse-cost-complete-guide,blog,Steel Warehouse Cost: Complete 2026 Price Guide from China,UNKNOWN (no GSC data),HIGH,USABLE,OK,LEGACY_PRESERVED_200,Blog cluster: Warehouse Cost | PRIMARY URL for cluster: legacy preserve at cutover,YES,," | Implemented as V2 LegacyArticleLayout page, HTTP 200, indexable, single-language EN",RESOLVED
https://zhongsai-steelstructure.com/en/steel-mining-factory,application,Steel Structures for Mining & Heavy Industrial Projects | ZhongSai,UNKNOWN (no GSC data),HIGH,USABLE,OK,LEGACY_PRESERVED_200,"Mining factory: V2 page exists but NOINDEX. Old page has real content. Legacy preserve at cutover (keep URL 200 with V2 framework + fact-checked content), then make indexable in 30 days.",YES,," | Upgraded from NOINDEX placeholder to full indexable V2 page, HTTP 200, EN/ZH hreflang",RESOLVED
https://zhongsai-steelstructure.com/zh/steel-mining-factory,application,矿业与重型工业钢结构解决方案 | 中赛钢构,UNKNOWN (no GSC data),MEDIUM,USABLE,OK,LEGACY_PRESERVED_200,"Mining factory: V2 page exists but NOINDEX. Old page has real content. Legacy preserve at cutover (keep URL 200 with V2 framework + fact-checked content), then make indexable in 30 days.",YES,," | Upgraded from NOINDEX placeholder to full indexable V2 page, HTTP 200, EN/ZH hreflang",RESOLVED
https://zhongsai-steelstructure.com/zh/blog/gangjiegou-changfang-zaojia-zhinan,blog,钢结构厂房造价影响因素完整指南,UNKNOWN (no GSC data),HIGH,USABLE,OK,LEGACY_PRESERVED_200,"Chinese cost guide: PRIMARY URL for Chinese warehouse/workshop cost cluster. Created as V2 LegacyArticleLayout page, HTTP 200, indexable, single-language ZH. Fact-safe content, no fixed prices.",YES,/zh/blog/gangjiegou-changfang-zaojia-zhinan/," | Implemented as V2 LegacyArticleLayout page, HTTP 200, indexable, single-language ZH",RESOLVED
https://zhongsai-steelstructure.com/zh/blog/steel-workshop-cost-factory-building-price,blog,Steel Workshop Cost Factory Building Price,UNKNOWN (no GSC data),HIGH,WEAK,OK,MERGE_301,"Duplicate Chinese cost blog: search intent overlaps with gangjiegou-changfang-zaojia-zhinan. Production redirect candidate: 301 to primary Chinese cost guide URL. Not activated in this round.",YES,/zh/blog/gangjiegou-changfang-zaojia-zhinan/," | 301 candidate only, production redirect NOT activated",RESOLVED
