source_url,language,source_section,card_or_link_label,current_image,image_actual_content,href,target_status,target_url,target_h1,target_hero_image,target_hero_actual_content,target_page_purpose,link_status,semantic_status,recommended_action,notes
/en/products/,en,Products Hub,Industrial Workshop,01-industrial.jpg,Industrial workshop building,/en/steel-workshop/,200,/en/steel-workshop/,Steel Workshop Building,industrial workshop,Workshop building,VALID,MATCH,KEEP,Detail link
/en/products/,en,Products Hub,Warehouse & Logistics,04-warehouse-logistics.jpg,Warehouse building,/en/steel-warehouse/,200,/en/steel-warehouse/,Steel Warehouse Building,warehouse,Warehouse building,VALID,MATCH,KEEP,Detail link
/en/products/,en,Products Hub,Agriculture & Special,05-agriculture-special.jpg,Agricultural building,#quote,N/A,N/A,N/A,N/A,N/A,Quote form,VALID,MATCH,KEEP,Quote action - no detail page, CTA changed to "Discuss Your Project"
/en/products/,en,Products Hub,Custom Engineering,06-custom-engineering.jpg,Custom steel components,/en/products/custom-engineering/,200,/en/products/custom-engineering/,Custom Engineering & Fabrication,custom components,Custom fabrication,VALID,MATCH,KEEP,Fixed: was #quote, now links to real page
/en/components/,en,Components Hub,Steel Beams,N/A,N/A,/en/components/fabricated-steel-beams-columns/,200,/en/components/fabricated-steel-beams-columns/,Fabricated Steel Beams & Columns,steel beams,Beams & columns,VALID,MATCH,KEEP,Detail link
/en/components/,en,Components Hub,Steel Columns,N/A,N/A,/en/components/fabricated-steel-beams-columns/,200,/en/components/fabricated-steel-beams-columns/,Fabricated Steel Beams & Columns,steel beams,Beams & columns,VALID,MATCH,KEEP,Detail link (same page as Beams)
/en/components/,en,Components Hub,Steel Trusses,N/A,N/A,#quote,N/A,N/A,N/A,N/A,N/A,Quote form,VALID,MATCH,KEEP,Fixed: was href="#", now DIV with Quote CTA
/en/components/,en,Components Hub,Crane Beams,N/A,N/A,#quote,N/A,N/A,N/A,N/A,N/A,Quote form,VALID,MATCH,KEEP,Fixed: was href="#", now DIV with Quote CTA
/en/components/,en,Components Hub,Box Sections,N/A,N/A,/en/components/fabricated-steel-beams-columns/,200,/en/components/fabricated-steel-beams-columns/,Fabricated Steel Beams & Columns,steel beams,Beams & columns,VALID,PARTIAL_MATCH,KEEP,Links to Beams & Columns page (box sections covered there)
/en/components/,en,Components Hub,Platforms & Bracing,N/A,N/A,#quote,N/A,N/A,N/A,N/A,N/A,Quote form,VALID,MATCH,KEEP,Fixed: was href="#", now DIV with Quote CTA
/en/export-delivery/,en,Export Delivery,Section 01 process steps,N/A,N/A,N/A,N/A,N/A,N/A,N/A,Process overview,VALID,MATCH,KEEP,8 steps now labeled STEP 01-08 (was plain 01-08, conflict with section numbers)
/en/export-delivery/,en,Export Delivery,Section 03 loading steps,finished-steel-members-stacked.jpg,Finished components,N/A,N/A,N/A,N/A,N/A,Loading process,VALID,MATCH,KEEP,4 steps now 2x2 grid, labeled STEP 01-04, no duplicate images
/en/projects/,en,Projects Hub,All project cards,N/A,N/A,/en/projects/<slug>/,200,/en/projects/<slug>/,Project name,project image,Project detail,VALID,MATCH,KEEP,Removed location display from cards (was redundant with project names), H1 changed to "Selected Steel Structure Projects"
