file_name,project,country,year,category,description,can_publish,third_party_logo,need_crop,need_blur,alt_text,caption,source,notes
factory-aerial-panorama.jpg,,,China,Factory,"Aerial view of production base with gantry cranes, main workshop and finished component yard",True,False,False,False,"Aerial view of ZhongSai production base with gantry cranes, main workshop and finished component yard","Production Base Aerial · Gantry Cranes & Finished Yard",Internal,Confirmed factory photo
factory-interior-production.jpg,,,China,Factory,"Production workshop interior with overhead cranes, steel beam production line and fabricated components",True,False,False,False,"ZhongSai production workshop interior with overhead cranes, steel beam production line and fabricated components","Production Workshop · Overhead Cranes & Component Line",Internal,Confirmed factory photo
factory-steel-beam-fabrication.jpg,,,China,Manufacturing,"Fabricated steel beams with connection plates and bolt holes neatly stacked in the workshop",True,False,False,False,"Fabricated steel beams with connection plates and bolt holes neatly stacked in the workshop","Fabricated Beams · Connection Plates & Bolt Holes",Internal,Confirmed manufacturing photo
factory-yard-gantry-crane.jpg,,,China,Factory,"Outdoor yard with gantry crane lifting finished steel components, components marked and ready for container loading",True,False,False,False,"ZhongSai outdoor yard with gantry crane lifting finished steel components, components marked and ready for container loading","Outdoor Yard · Component Marking & Ready for Loading",Internal,Confirmed factory photo
container-loading.jpg,,,China,Shipping,"Steel structure components being loaded into containers for export, workers loading marked components in sequence",True,False,False,False,"Steel structure components being loaded into containers for export, workers loading marked components in sequence","Packing & Loading · Sequential Container Loading",Internal,Confirmed shipping photo
cutting-prep-9809.jpg,,,China,Manufacturing,"Steel plate cutting during steel structure fabrication",True,False,False,False,"Steel plate cutting during steel structure fabrication","Steel Plate Cutting · CNC Cutting Process",Internal,Confirmed manufacturing photo
assembly-welding-9821.jpg,,,China,Manufacturing,"Assembly and welding of fabricated steel components",True,False,False,False,"Assembly and welding of fabricated steel components","Assembly & Welding · Fabrication Process",Internal,Confirmed manufacturing photo
factory-overview-9819.jpg,,,China,Factory,"ZhongSai steel structure manufacturing facility overview",True,False,False,False,"ZhongSai steel structure manufacturing facility","Manufacturing Facility Overview",Internal,Confirmed factory photo
finished-coated-components.jpg,,,China,Components,"Finished coated steel components prepared for project supply",True,False,False,False,"Finished coated steel components prepared for project supply","Finished Coated Components · Ready for Supply",Internal,Confirmed component photo
