source_column,keyword,keyword_type,normalized_keyword,intent,recommended_cluster,recommended_page_type,current_v2_coverage,current_url,future_url,priority,notes
拓词,品牌词,other,品牌词,,,,,,,,
拓词,前缀2（地域）,other,前缀2（地域）,,,,,,,,
拓词,前缀3,other,前缀3,,,,,,,,
拓词,核心词1,other,核心词1,,,,,,,,
拓词,核心词2：,other,核心词2：,,,,,,,,
拓词,产品词,other,产品词,,,,,,,,
拓词,"产品词
应用领域",other,"产品词
应用领域",,,,,,,,
拓词,后缀1,other,后缀1,,,,,,,,
拓词,后缀,other,后缀,,,,,,,,
拓词,后缀,other,后缀,,,,,,,,
拓词,后缀,other,后缀,,,,,,,,
拓词,后缀 价格词,price_intent,后缀 价格词,,,,,,,,
拓词,中赛,brand,中赛,,,,,,,,
拓词,市面上,other,市面上,,,,,,,,
拓词,专业的,other,专业的,,,,,,,,
拓词,钢结构,product,钢结构,,,,,,,,
拓词,钢构,other,钢构,,,,,,,,
拓词,实腹钢柱,product,实腹钢柱,,,,,,,,
拓词,厂房,application,厂房,,,,,,,,
拓词,设计,service,设计,,,,,,,,
拓词,品牌,other,品牌,,,,,,,,
拓词,推荐,selection_intent,推荐,,,,,,,,
拓词,哪家好,selection_intent,哪家好,,,,,,,,
拓词,造价,price_intent,造价,,,,,,,,
拓词,中赛钢构,brand,中赛钢构,,,,,,,,
拓词,国内,other,国内,,,,,,,,
拓词,质量好的,other,质量好的,,,,,,,,
拓词,阁构柱,other,阁构柱,,,,,,,,
拓词,车间,application,车间,,,,,,,,
拓词,出口,service,出口,,,,,,,,
拓词,公司,other,公司,,,,,,,,
拓词,排行,selection_intent,排行,,,,,,,,
拓词,哪家强,other,哪家强,,,,,,,,
拓词,每平米多少钱,price_intent,每平米多少钱,,,,,,,,
拓词,中赛钢结构,brand,中赛钢结构,,,,,,,,
拓词,行业内,other,行业内,,,,,,,,
拓词,优质,other,优质,,,,,,,,
拓词,十字柱,other,十字柱,,,,,,,,
拓词,仓库,application,仓库,,,,,,,,
拓词,加工,service,加工,,,,,,,,
拓词,产品,other,产品,,,,,,,,
拓词,推荐榜,selection_intent,推荐榜,,,,,,,,
拓词,哪家靠谱,selection_intent,哪家靠谱,,,,,,,,
拓词,多少钱一平方,price_intent,多少钱一平方,,,,,,,,
拓词,广东中赛,brand,广东中赛,,,,,,,,
拓词,市场,other,市场,,,,,,,,
拓词,装配式,other,装配式,,,,,,,,
拓词,钢骨柱,other,钢骨柱,,,,,,,,
拓词,桥梁,application,桥梁,,,,,,,,
拓词,工程,other,工程,,,,,,,,
拓词,供应厂家,supplier_intent,供应厂家,,,,,,,,
拓词,排行榜,selection_intent,排行榜,,,,,,,,
拓词,怎么选,other,怎么选,,,,,,,,
拓词,价格,price_intent,价格,,,,,,,,
拓词,目前,other,目前,,,,,,,,
拓词,行业内,other,行业内,,,,,,,,
拓词,H型钢梁,product,h型钢梁,,,,,,,,
拓词,游乐场,other,游乐场,,,,,,,,
拓词,施工,service,施工,,,,,,,,
拓词,工厂,application,工厂,,,,,,,,
拓词,推荐榜单,selection_intent,推荐榜单,,,,,,,,
拓词,如何选,other,如何选,,,,,,,,
拓词,每平方米价格,price_intent,每平方米价格,,,,,,,,
拓词,广东,location,广东,,,,,,,,
拓词,有实力的,other,有实力的,,,,,,,,
拓词,箱型柱,other,箱型柱,,,,,,,,
拓词,电站,other,电站,,,,,,,,
拓词,安装,service,安装,,,,,,,,
拓词,厂家,supplier_intent,厂家,,,,,,,,
拓词,排行榜单,selection_intent,排行榜单,,,,,,,,
拓词,怎么选择,selection_intent,怎么选择,,,,,,,,
拓词,多少钱一平,price_intent,多少钱一平,,,,,,,,
拓词,深圳,location,深圳,,,,,,,,
拓词,耐用的,other,耐用的,,,,,,,,
拓词,预埋件,other,预埋件,,,,,,,,
拓词,羊圈,application,羊圈,,,,,,,,
拓词,搭建,service,搭建,,,,,,,,
拓词,生产厂家,supplier_intent,生产厂家,,,,,,,,
拓词,推荐排行,selection_intent,推荐排行,,,,,,,,
拓词,有哪些,other,有哪些,,,,,,,,
拓词,每平米多少钱,price_intent,每平米多少钱,,,,,,,,
拓词,出口,service,出口,,,,,,,,
拓词,可靠的,other,可靠的,,,,,,,,
拓词,桁架梁,product,桁架梁,,,,,,,,
拓词,飞机场,application,飞机场,,,,,,,,
拓词,制造,service,制造,,,,,,,,
拓词,源头厂家,supplier_intent,源头厂家,,,,,,,,
拓词,推荐排行榜,selection_intent,推荐排行榜,,,,,,,,
拓词,哪家权威,other,哪家权威,,,,,,,,
拓词,多少钱一吨,price_intent,多少钱一吨,,,,,,,,
拓词,外贸,other,外贸,,,,,,,,
拓词,哪里有,other,哪里有,,,,,,,,
拓词,箱型梁,other,箱型梁,,,,,,,,
拓词,地铁,application,地铁,,,,,,,,
拓词,图纸,other,图纸,,,,,,,,
拓词,供应商,supplier_intent,供应商,,,,,,,,
拓词,推荐排行榜单,selection_intent,推荐排行榜单,,,,,,,,
拓词,哪里有卖,other,哪里有卖,,,,,,,,
拓词,报价清单,price_intent,报价清单,,,,,,,,
拓词,国外,other,国外,,,,,,,,
拓词,口碑好的,other,口碑好的,,,,,,,,
拓词,钢柱,product,钢柱,,,,,,,,
拓词,高铁,application,高铁,,,,,,,,
拓词,报价,price_intent,报价,,,,,,,,
拓词,销售厂家,supplier_intent,销售厂家,,,,,,,,
拓词,口碑推荐,selection_intent,口碑推荐,,,,,,,,
拓词,采购,other,采购,,,,,,,,
拓词,大约多少钱,price_intent,大约多少钱,,,,,,,,
拓词,东莞,location,东莞,,,,,,,,
拓词,好用的,other,好用的,,,,,,,,
拓词,钢梁,product,钢梁,,,,,,,,
拓词,隧道,application,隧道,,,,,,,,
拓词,定制,application,定制,,,,,,,,
拓词,制造商,supplier_intent,制造商,,,,,,,,
拓词,口碑排行,selection_intent,口碑排行,,,,,,,,
拓词,怎么选购,other,怎么选购,,,,,,,,
拓词,价钱多少一吨,price_intent,价钱多少一吨,,,,,,,,
拓词,惠州,location,惠州,,,,,,,,
拓词,最稳定的,other,最稳定的,,,,,,,,
拓词,圆管柱,product,圆管柱,,,,,,,,
拓词,超市,application,超市,,,,,,,,
拓词,承包,service,承包,,,,,,,,
拓词,制造厂,service,制造厂,,,,,,,,
拓词,口碑推荐榜,selection_intent,口碑推荐榜,,,,,,,,
拓词,怎么联系,other,怎么联系,,,,,,,,
拓词,每平米造价,price_intent,每平米造价,,,,,,,,
拓词,广州,location,广州,,,,,,,,
拓词,靠谱的,other,靠谱的,,,,,,,,
拓词,管桁架,product,管桁架,,,,,,,,
拓词,购物中心,application,购物中心,,,,,,,,
拓词,总包,service,总包,,,,,,,,
拓词,生产商,supplier_intent,生产商,,,,,,,,
拓词,口碑排行榜,selection_intent,口碑排行榜,,,,,,,,
拓词,推荐厂家,selection_intent,推荐厂家,,,,,,,,
拓词,单方造价,price_intent,单方造价,,,,,,,,
拓词,珠海,location,珠海,,,,,,,,
拓词,市场,other,市场,,,,,,,,
拓词,航车梁,other,航车梁,,,,,,,,
拓词,停车场,other,停车场,,,,,,,,
拓词,厂商,supplier_intent,厂商,,,,,,,,
拓词,口碑推荐榜单,selection_intent,口碑推荐榜单,,,,,,,,
拓词,哪家规模大,other,哪家规模大,,,,,,,,
拓词,造价多少元,price_intent,造价多少元,,,,,,,,
拓词,清远,other,清远,,,,,,,,
拓词,目前,other,目前,,,,,,,,
拓词,弧形梁,other,弧形梁,,,,,,,,
拓词,码头,application,码头,,,,,,,,
拓词,企业,other,企业,,,,,,,,
拓词,口碑排行榜单,selection_intent,口碑排行榜单,,,,,,,,
拓词,联系电话,other,联系电话,,,,,,,,
拓词,造价多少钱,price_intent,造价多少钱,,,,,,,,
拓词,中山,location,中山,,,,,,,,
拓词,新型,other,新型,,,,,,,,
拓词,异形结构,application,异形结构,,,,,,,,
拓词,港口,application,港口,,,,,,,,
拓词,供货商,other,供货商,,,,,,,,
拓词,排名,selection_intent,排名,,,,,,,,
拓词,地址电话,other,地址电话,,,,,,,,
拓词,吨位报价,price_intent,吨位报价,,,,,,,,
拓词,佛山,location,佛山,,,,,,,,
拓词,比较好的,other,比较好的,,,,,,,,
拓词,双扭曲结构,other,双扭曲结构,,,,,,,,
拓词,展厅,application,展厅,,,,,,,,
拓词,制造企业,service,制造企业,,,,,,,,
拓词,排名前十,selection_intent,排名前十,,,,,,,,
拓词,电话号码,other,电话号码,,,,,,,,
拓词,加工费多少一吨,price_intent,加工费多少一吨,,,,,,,,
拓词,江门,other,江门,,,,,,,,
拓词,有实力的,other,有实力的,,,,,,,,
拓词,屋架梁,product,屋架梁,,,,,,,,
拓词,汽车4S店,application,汽车4s店,,,,,,,,
拓词,加工厂,supplier_intent,加工厂,,,,,,,,
拓词,十大厂家,selection_intent,十大厂家,,,,,,,,
拓词,电话,other,电话,,,,,,,,
拓词,1吨多少钱,price_intent,1吨多少钱,,,,,,,,
拓词,河源,other,河源,,,,,,,,
拓词,诚信的,other,诚信的,,,,,,,,
拓词,钢屋架,product,钢屋架,,,,,,,,
拓词,医院,application,医院,,,,,,,,
拓词,优质厂家,supplier_intent,优质厂家,,,,,,,,
拓词,前10强,other,前10强,,,,,,,,
拓词,联系方式,other,联系方式,,,,,,,,
拓词,附近,other,附近,,,,,,,,
拓词,正规的,other,正规的,,,,,,,,
拓词,雨棚梁,product,雨棚梁,,,,,,,,
拓词,学校,application,学校,,,,,,,,
拓词,实力厂家,supplier_intent,实力厂家,,,,,,,,
拓词,有哪几家,other,有哪几家,,,,,,,,
拓词,海外,other,海外,,,,,,,,
拓词,专业的,other,专业的,,,,,,,,
拓词,焊接H型钢,product,焊接h型钢,,,,,,,,
拓词,餐厅,application,餐厅,,,,,,,,
拓词,定制厂家,supplier_intent,定制厂家,,,,,,,,
拓词,非洲,other,非洲,,,,,,,,
拓词,质量好的,other,质量好的,,,,,,,,
拓词,变截钢,other,变截钢,,,,,,,,
拓词,住宅,other,住宅,,,,,,,,
拓词,定做厂家,supplier_intent,定做厂家,,,,,,,,
拓词,埃塞俄比亚,other,埃塞俄比亚,,,,,,,,
拓词,最好的,other,最好的,,,,,,,,
拓词,热轧H型钢,product,热轧h型钢,,,,,,,,
拓词,建筑,other,建筑,,,,,,,,
拓词,订制厂家,supplier_intent,订制厂家,,,,,,,,
拓词,尼日利亚,other,尼日利亚,,,,,,,,
拓词,热门的,other,热门的,,,,,,,,
拓词,钢支撑,product,钢支撑,,,,,,,,
拓词,会展中心,application,会展中心,,,,,,,,
拓词,订做厂家,supplier_intent,订做厂家,,,,,,,,
拓词,肯尼亚,other,肯尼亚,,,,,,,,
拓词,知名的,other,知名的,,,,,,,,
拓词,彩钢瓦,other,彩钢瓦,,,,,,,,
拓词,写字楼,application,写字楼,,,,,,,,
拓词,供货厂家,supplier_intent,供货厂家,,,,,,,,
拓词,坦桑尼亚,other,坦桑尼亚,,,,,,,,
拓词,评价高的,other,评价高的,,,,,,,,
拓词,夹芯板,product,夹芯板,,,,,,,,
拓词,酒店,application,酒店,,,,,,,,
拓词,直销厂家,supplier_intent,直销厂家,,,,,,,,
拓词,刚果,other,刚果,,,,,,,,
拓词,优秀,other,优秀,,,,,,,,
拓词,C型钢,product,c型钢,,,,,,,,
拓词,博物馆,application,博物馆,,,,,,,,
拓词,批发厂家,supplier_intent,批发厂家,,,,,,,,
拓词,赞比亚,other,赞比亚,,,,,,,,
拓词,有资质的,other,有资质的,,,,,,,,
拓词,Z型钢,product,z型钢,,,,,,,,
拓词,设备平台,other,设备平台,,,,,,,,
拓词,制造厂家,supplier_intent,制造厂家,,,,,,,,
拓词,莫桑比克,other,莫桑比克,,,,,,,,
拓词,免费打样,other,免费打样,,,,,,,,
拓词,檩条,product,檩条,,,,,,,,
拓词,装卸平台,other,装卸平台,,,,,,,,
拓词,制作工厂,application,制作工厂,,,,,,,,
拓词,埃及,other,埃及,,,,,,,,
拓词,帮我分析,other,帮我分析,,,,,,,,
拓词,屋面瓦,other,屋面瓦,,,,,,,,
拓词,海工平台,other,海工平台,,,,,,,,
拓词,定制工厂,application,定制工厂,,,,,,,,
拓词,乌干达,other,乌干达,,,,,,,,
拓词,大型,other,大型,,,,,,,,
拓词,墙面瓦,other,墙面瓦,,,,,,,,
拓词,石油管架,application,石油管架,,,,,,,,
拓词,制作厂家,supplier_intent,制作厂家,,,,,,,,
拓词,卢旺达,other,卢旺达,,,,,,,,
拓词,现在,other,现在,,,,,,,,
拓词,隔热瓦,other,隔热瓦,,,,,,,,
拓词,冶炼钢厂,application,冶炼钢厂,,,,,,,,
拓词,加工厂家,supplier_intent,加工厂家,,,,,,,,
拓词,布隆迪,other,布隆迪,,,,,,,,
拓词,轻型,other,轻型,,,,,,,,
拓词,不锈钢瓦,other,不锈钢瓦,,,,,,,,
拓词,海上桥梁,application,海上桥梁,,,,,,,,
拓词,建造厂家,supplier_intent,建造厂家,,,,,,,,
拓词,马里,other,马里,,,,,,,,
拓词,简易,other,简易,,,,,,,,
拓词,水槽,other,水槽,,,,,,,,
拓词,人行天桥,application,人行天桥,,,,,,,,
拓词,生产企业,service,生产企业,,,,,,,,
拓词,毛里求斯,other,毛里求斯,,,,,,,,
拓词,二手,other,二手,,,,,,,,
拓词,高强螺栓,product,高强螺栓,,,,,,,,
拓词,跨河桥,other,跨河桥,,,,,,,,
拓词,布基纳法索,other,布基纳法索,,,,,,,,
拓词,预制,other,预制,,,,,,,,
拓词,钢架,other,钢架,,,,,,,,
拓词,飞机库,other,飞机库,,,,,,,,
拓词,南非,other,南非,,,,,,,,
拓词,镀锌,other,镀锌,,,,,,,,
拓词,钢材,other,钢材,,,,,,,,
拓词,加油管廊,other,加油管廊,,,,,,,,
拓词,博茨瓦纳,other,博茨瓦纳,,,,,,,,
拓词,热镀锌,other,热镀锌,,,,,,,,
拓词,工字钢,product,工字钢,,,,,,,,
拓词,养鸡场,application,养鸡场,,,,,,,,
拓词,吉布提,other,吉布提,,,,,,,,
拓词,热浸锌,other,热浸锌,,,,,,,,
拓词,油漆,other,油漆,,,,,,,,
拓词,养牛场,application,养牛场,,,,,,,,
拓词,阿尔及利亚,other,阿尔及利亚,,,,,,,,
拓词,高防腐,other,高防腐,,,,,,,,
拓词,防火涂料,other,防火涂料,,,,,,,,
拓词,养殖场,application,养殖场,,,,,,,,
拓词,中非,other,中非,,,,,,,,
拓词,一层,other,一层,,,,,,,,
拓词,养猪场,application,养猪场,,,,,,,,
拓词,喀麦隆,other,喀麦隆,,,,,,,,
拓词,单层,other,单层,,,,,,,,
拓词,连廊,other,连廊,,,,,,,,
拓词,安哥拉,other,安哥拉,,,,,,,,
拓词,多层,other,多层,,,,,,,,
拓词,栈道,other,栈道,,,,,,,,
拓词,津巴布韦,other,津巴布韦,,,,,,,,
拓词,旅游景点,other,旅游景点,,,,,,,,
拓词,马拉维,other,马拉维,,,,,,,,
拓词,旋转楼梯,product,旋转楼梯,,,,,,,,
拓词,马达加斯加,other,马达加斯加,,,,,,,,
拓词,电梯井架,other,电梯井架,,,,,,,,
拓词,科摩罗,other,科摩罗,,,,,,,,
拓词,LED显示屏,application,led显示屏,,,,,,,,
拓词,纳米比亚,other,纳米比亚,,,,,,,,
拓词,矿山输送,application,矿山输送,,,,,,,,
拓词,斯威士兰,other,斯威士兰,,,,,,,,
拓词,体育馆,application,体育馆,,,,,,,,
拓词,莱索托,other,莱索托,,,,,,,,
拓词,海上输油栈道,other,海上输油栈道,,,,,,,,
拓词,乍得,other,乍得,,,,,,,,
拓词,装配厂,other,装配厂,,,,,,,,
拓词,几内亚,other,几内亚,,,,,,,,
拓词,品牌店,other,品牌店,,,,,,,,
拓词,加蓬,other,加蓬,,,,,,,,
拓词,高速工路,other,高速工路,,,,,,,,
拓词,塞内加尔,other,塞内加尔,,,,,,,,
拓词,广告牌,application,广告牌,,,,,,,,
拓词,科特迪瓦,other,科特迪瓦,,,,,,,,
拓词,建筑幕墙,other,建筑幕墙,,,,,,,,
拓词,加纳,other,加纳,,,,,,,,
拓词,道路栏河 栏杆 护栏,other,道路栏河 栏杆 护栏,,,,,,,,
拓词,贝宁,other,贝宁,,,,,,,,
拓词,防撞栏,other,防撞栏,,,,,,,,
拓词,尼日尔,other,尼日尔,,,,,,,,
拓词,路牌,other,路牌,,,,,,,,
拓词,毛里塔尼亚,other,毛里塔尼亚,,,,,,,,
拓词,维修通道,other,维修通道,,,,,,,,
拓词,冈比亚,other,冈比亚,,,,,,,,
拓词,候车亭,other,候车亭,,,,,,,,
拓词,佛得角,other,佛得角,,,,,,,,
拓词,高速公路路牌龙门架,other,高速公路路牌龙门架,,,,,,,,
拓词,塞拉利昂,other,塞拉利昂,,,,,,,,
拓词,罩蓬,other,罩蓬,,,,,,,,
拓词,利比里亚,other,利比里亚,,,,,,,,
拓词,隔音屏,other,隔音屏,,,,,,,,
拓词,多哥,other,多哥,,,,,,,,
拓词,巴士站顶,other,巴士站顶,,,,,,,,
拓词,厄立特里亚,other,厄立特里亚,,,,,,,,
拓词,支承架,other,支承架,,,,,,,,
拓词,苏丹,other,苏丹,,,,,,,,
拓词,箱形渠桶滑模车,other,箱形渠桶滑模车,,,,,,,,
拓词,利比亚,other,利比亚,,,,,,,,
拓词,石屎柱铁模板,other,石屎柱铁模板,,,,,,,,
拓词,突尼斯,other,突尼斯,,,,,,,,
拓词,预制件铁模,other,预制件铁模,,,,,,,,
拓词,摩洛哥,other,摩洛哥,,,,,,,,
拓词,钢屋盖,other,钢屋盖,,,,,,,,
拓词,索马里,other,索马里,,,,,,,,
拓词,剪摺铁器,other,剪摺铁器,,,,,,,,
拓词,塞舌尔,other,塞舌尔,,,,,,,,
拓词,马路伸缩缝,other,马路伸缩缝,,,,,,,,
拓词,东南亚,other,东南亚,,,,,,,,
拓词,混凝土搅拌站,other,混凝土搅拌站,,,,,,,,
拓词,马来西亚,other,马来西亚,,,,,,,,
拓词,隧道碎石输送带,application,隧道碎石输送带,,,,,,,,
拓词,越南,other,越南,,,,,,,,
拓词,登船桥,other,登船桥,,,,,,,,
拓词,菲律宾,other,菲律宾,,,,,,,,
拓词,地铁幕门,application,地铁幕门,,,,,,,,
拓词,新加坡,other,新加坡,,,,,,,,
拓词,沙井盖,other,沙井盖,,,,,,,,
拓词,印度尼西亚,other,印度尼西亚,,,,,,,,
拓词,LED显示屏钢结构,product,led显示屏钢结构,,,,,,,,
拓词,泰国,other,泰国,,,,,,,,
拓词,采光罩,other,采光罩,,,,,,,,
拓词,老挝,other,老挝,,,,,,,,
拓词,雕塑艺术,application,雕塑艺术,,,,,,,,
拓词,柬埔寨,other,柬埔寨,,,,,,,,
拓词,人物雕塑,application,人物雕塑,,,,,,,,
拓词,缅甸,other,缅甸,,,,,,,,
拓词,公共艺术,application,公共艺术,,,,,,,,
拓词,文莱,other,文莱,,,,,,,,
拓词,停车棚,other,停车棚,,,,,,,,
拓词,东帝汶,other,东帝汶,,,,,,,,
拓词,堆取料机,other,堆取料机,,,,,,,,
拓词,马尔代夫,other,马尔代夫,,,,,,,,
拓词,月台,other,月台,,,,,,,,
拓词,不丹,other,不丹,,,,,,,,
拓词,地下钢铁结构,other,地下钢铁结构,,,,,,,,
拓词,斯里兰卡,other,斯里兰卡,,,,,,,,
拓词,车站,application,车站,,,,,,,,
拓词,巴基斯坦,other,巴基斯坦,,,,,,,,
拓词,电力能源,application,电力能源,,,,,,,,
拓词,孟加拉国,other,孟加拉国,,,,,,,,
拓词,机械设备,other,机械设备,,,,,,,,
拓词,尼泊尔,other,尼泊尔,,,,,,,,
拓词,环保设备,other,环保设备,,,,,,,,
拓词,南美洲,other,南美洲,,,,,,,,
拓词,街道家具,other,街道家具,,,,,,,,
拓词,巴西,other,巴西,,,,,,,,
拓词,城市家具,other,城市家具,,,,,,,,
拓词,委内瑞拉,other,委内瑞拉,,,,,,,,
拓词,矿山设备机械构件,application,矿山设备机械构件,,,,,,,,
拓词,智利,other,智利,,,,,,,,
拓词,电厂设备,application,电厂设备,,,,,,,,
拓词,厄瓜多尔,other,厄瓜多尔,,,,,,,,
拓词,高层建筑钢铁结构,other,高层建筑钢铁结构,,,,,,,,
拓词,哥伦比亚,other,哥伦比亚,,,,,,,,
拓词,大跨度公共建筑,application,大跨度公共建筑,,,,,,,,
拓词,秘鲁,other,秘鲁,,,,,,,,
拓词,工作平台,other,工作平台,,,,,,,,
拓词,阿根廷,other,阿根廷,,,,,,,,
拓词,穹顶,other,穹顶,,,,,,,,
拓词,乌拉圭,other,乌拉圭,,,,,,,,
拓词,烟囱,other,烟囱,,,,,,,,
拓词,巴拉圭,other,巴拉圭,,,,,,,,
拓词,航车梁,other,航车梁,,,,,,,,
拓词,玻利维亚,other,玻利维亚,,,,,,,,
拓词,钢平台,product,钢平台,,,,,,,,
拓词,苏里南,other,苏里南,,,,,,,,
拓词,钢模板,other,钢模板,,,,,,,,
拓词,圭亚那,other,圭亚那,,,,,,,,
拓词,水上乐园,other,水上乐园,,,,,,,,
拓词,北美洲,other,北美洲,,,,,,,,
拓词,公寓,other,公寓,,,,,,,,
拓词,墨西哥,other,墨西哥,,,,,,,,
拓词,酒吧,other,酒吧,,,,,,,,
拓词,美国,other,美国,,,,,,,,
拓词,隔层,other,隔层,,,,,,,,
拓词,加拿大,other,加拿大,,,,,,,,
拓词,夹层,product,夹层,,,,,,,,
拓词,古巴,other,古巴,,,,,,,,
拓词,雨棚,product,雨棚,,,,,,,,
拓词,洪都拉斯,other,洪都拉斯,,,,,,,,
拓词,车棚,other,车棚,,,,,,,,
拓词,巴拿马,other,巴拿马,,,,,,,,
拓词,二层,other,二层,,,,,,,,
拓词,牙买加,other,牙买加,,,,,,,,
拓词,两层,other,两层,,,,,,,,
拓词,海地,other,海地,,,,,,,,
拓词,高层,other,高层,,,,,,,,
拓词,尼加拉瓜,other,尼加拉瓜,,,,,,,,
拓词,地下室,other,地下室,,,,,,,,
拓词,中东,other,中东,,,,,,,,
拓词,桩基础,other,桩基础,,,,,,,,
拓词,阿联酋（迪拜）,other,阿联酋（迪拜）,,,,,,,,
拓词,办公室,other,办公室,,,,,,,,
拓词,沙特,other,沙特,,,,,,,,
拓词,房屋,other,房屋,,,,,,,,
拓词,卡塔尔,other,卡塔尔,,,,,,,,
拓词,工业厂房,application,工业厂房,,,,,,,,
拓词,蒙古国,other,蒙古国,,,,,,,,
拓词,楼梯,product,楼梯,,,,,,,,
拓词,土耳其,other,土耳其,,,,,,,,
拓词,构造柱,other,构造柱,,,,,,,,
拓词,阿富汗,other,阿富汗,,,,,,,,
拓词,基础,other,基础,,,,,,,,
拓词,伊朗,other,伊朗,,,,,,,,
拓词,屋顶,other,屋顶,,,,,,,,
拓词,约旦,other,约旦,,,,,,,,
拓词,黎巴嫩,other,黎巴嫩,,,,,,,,
拓词,以色列,other,以色列,,,,,,,,
拓词,巴勒斯坦,other,巴勒斯坦,,,,,,,,
拓词,科威特,other,科威特,,,,,,,,
拓词,也门,other,也门,,,,,,,,
拓词,伊拉克,other,伊拉克,,,,,,,,
拓词,巴林,other,巴林,,,,,,,,
拓词,格鲁吉亚,other,格鲁吉亚,,,,,,,,
拓词,亚美尼亚,other,亚美尼亚,,,,,,,,
拓词,阿塞拜疆,other,阿塞拜疆,,,,,,,,
拓词,叙利亚,other,叙利亚,,,,,,,,
拓词,阿曼,other,阿曼,,,,,,,,
拓词,欧洲,other,欧洲,,,,,,,,
拓词,葡萄牙,other,葡萄牙,,,,,,,,
拓词,西班牙,other,西班牙,,,,,,,,
拓词,安道尔,other,安道尔,,,,,,,,
拓词,意大利,other,意大利,,,,,,,,
拓词,梵蒂冈,other,梵蒂冈,,,,,,,,
拓词,圣马力诺,other,圣马力诺,,,,,,,,
拓词,马耳他,other,马耳他,,,,,,,,
拓词,斯洛文尼亚,other,斯洛文尼亚,,,,,,,,
拓词,克罗地亚,other,克罗地亚,,,,,,,,
拓词,黑山,other,黑山,,,,,,,,
拓词,塞尔维亚,other,塞尔维亚,,,,,,,,
拓词,阿尔巴尼亚,other,阿尔巴尼亚,,,,,,,,
拓词,北马其顿,other,北马其顿,,,,,,,,
拓词,保加利亚,other,保加利亚,,,,,,,,
拓词,罗马尼亚,other,罗马尼亚,,,,,,,,
拓词,希腊,other,希腊,,,,,,,,
拓词,塞浦路斯,other,塞浦路斯,,,,,,,,
拓词,中亚,other,中亚,,,,,,,,
拓词,哈萨克斯坦,other,哈萨克斯坦,,,,,,,,
拓词,乌兹别克斯坦,other,乌兹别克斯坦,,,,,,,,
拓词,吉尔吉斯斯坦,other,吉尔吉斯斯坦,,,,,,,,
拓词,塔吉克斯坦,other,塔吉克斯坦,,,,,,,,
拓词,土库曼斯坦,other,土库曼斯坦,,,,,,,,
